period,Barton Pond,CityHall,Jackson,N Campus Pump Station,S Industrial
2014/1/1,,0.03,0.14,0.02,0.03
2014/1/2,,0.02,0.06,0,0
2014/1/3,,0,0,0,0
2014/1/4,,0,0,0,0
2014/1/5,,0.35,0.68,0.17,0.64
2014/1/6,,0,0,0,0
2014/1/7,,0,0,0,0
2014/1/8,,0,0,0,0
2014/1/9,,0,0.01,0,0
2014/1/10,,0.29,0.3,0.36,0.34
2014/1/11,,0.13,0.13,0.19,0.16
2014/1/12,,0,0,0,0
2014/1/13,,0,0,0,0
2014/1/14,,0,0,0,0
2014/1/15,,0,0,0,0
2014/1/16,,0.05,0.04,0.1,0.09
2014/1/17,,0.01,0.01,0.02,0.02
2014/1/18,,0,0,0,0
2014/1/19,,0,0,0,0
2014/1/20,,0,0,0,0
2014/1/21,,0,0,0,0
2014/1/22,,0,0,0,0
2014/1/23,,0,0,0,0
2014/1/24,,0,0,0,0
2014/1/25,,0,0.01,0,0.01
2014/1/26,,0.02,0.04,0.06,0.04
2014/1/27,,0.01,0.04,0,0.03
2014/1/28,,0,0,0,0
2014/1/29,,0,0,0,0
2014/1/30,,0,0,0,0
2014/1/31,,0,0,0,0
2014/2/1,,0.5,0.54,0.61,0.59
2014/2/2,,0,0,0,0
2014/2/3,,0,0,0,0
2014/2/4,,0,0,0,0.02
2014/2/5,,0.06,0.21,0,0
2014/2/6,,0,0,0,0
2014/2/7,,0,0,0,0
2014/2/8,,0,0,0,0
2014/2/9,,0.01,0.03,0.03,0
2014/2/10,,0,0,0,0
2014/2/11,,0,0,0,0
2014/2/12,,0,0,0,0
2014/2/13,,0,0,0,0
2014/2/14,,0,0,0,0
2014/2/15,,0,0,0,0
2014/2/16,,0,0.01,0,0
2014/2/17,,0.2,0.22,0.21,0.19
2014/2/18,,0.01,0,0.01,0.02
2014/2/19,,0,0,0,0
2014/2/20,,0.93,0.86,0.91,0.8
2014/2/21,,0,0,0,0
2014/2/22,,0,0,0,0
2014/2/23,,0,0,0,0
2014/2/24,,0,0,0,0
2014/2/25,,0,0,0,0
2014/2/26,,0,0,0,0
2014/2/27,,0,0,0,0
2014/2/28,,0,0,0,0
2014/3/1,,0.06,0.14,0.02,0.08
2014/3/2,,0.04,0.09,0.05,0.08
2014/3/3,,0,0,0,0
2014/3/4,,0,0,0,0
2014/3/5,,0,0,0,0
2014/3/6,,0,0,0,0
2014/3/7,,0,0,0,0
2014/3/8,,0.08,0.1,0.12,0.12
2014/3/9,,0,0,0,0
2014/3/10,,0,0,0,0
2014/3/11,,0.11,0.14,0.14,0.13
2014/3/12,,0.32,0.59,0.07,0.37
2014/3/13,,0,0,0,0
2014/3/14,,0,0,0,0
2014/3/15,,0,0,0,0
2014/3/16,,0,0,0,0
2014/3/17,,0,0,0,0
2014/3/18,,0,0,0,0
2014/3/19,,0.16,0.14,0.19,0.13
2014/3/20,,0,0,0,0
2014/3/21,,0,0.01,0,0
2014/3/22,,0.11,0.11,0.12,0.07
2014/3/23,,0,0,0,0
2014/3/24,,0,0,0,0
2014/3/25,,0,0,0,0
2014/3/26,,0,0,0,0
2014/3/27,,0.01,0.02,0.01,0
2014/3/28,,0,0,0,0
2014/3/29,,0,0,0,0
2014/3/30,,0,0,0,0
2014/3/31,,0,0,0,0
2014/4/1,,0,0,0,0
2014/4/2,,0,0.05,0,0.04
2014/4/3,,0.25,0.29,0.29,0.23
2014/4/4,,0.11,0.13,0.14,0.16
2014/4/5,,0.01,0,0,0
2014/4/6,,0,0,0,0
2014/4/7,,0.37,0.34,0.44,0.37
2014/4/8,,0.02,0.02,0.04,0.04
2014/4/9,,0,0,0,0
2014/4/10,,0,0,0,0
2014/4/11,,0,0,0,0
2014/4/12,,0,0,0,0.01
2014/4/13,,0,0,0,0
2014/4/14,,0.07,0.12,0.04,0.1
2014/4/15,,0.04,0.15,0.04,0.16
2014/4/16,,0,0,0,0
2014/4/17,,0,0,0,0
2014/4/18,,0,0,0,0
2014/4/19,,0,0,0,0
2014/4/20,,0,0,0,0
2014/4/21,,0,0,0,0.01
2014/4/22,,0.04,0.07,0.03,0.04
2014/4/23,,0,0,0,0
2014/4/24,,0,0,0,0
2014/4/25,,0.25,0.31,0.32,0.3
2014/4/26,,0,0,0.01,0
2014/4/27,,0,0,0,0
2014/4/28,,0,0,0,0
2014/4/29,,0.68,0.9,0.97,0.61
2014/4/30,,0.08,0.05,0.08,0.01
2014/5/1,,0.02,0.05,0.07,0
2014/5/2,,0.01,0.01,0.02,0
2014/5/3,,0.05,0.04,0.05,0.02
2014/5/4,,0,0,0,0
2014/5/5,,0.02,0.03,0.14,0.03
2014/5/6,,0,0,0.01,0
2014/5/7,,0.67,0.59,1.27,0.31
2014/5/8,,0.01,0,0,0
2014/5/9,,0.33,0.12,0.25,0.12
2014/5/10,,0,0,0.01,0
2014/5/11,,0,0,0,0
2014/5/12,,1.59,1.56,1.74,0.45
2014/5/13,,0.41,0.34,0.33,0.21
2014/5/14,,0.3,0.33,0.3,0.34
2014/5/15,,0.48,0.5,0.48,0.47
2014/5/16,,0,0,0,0.07
2014/5/17,,0.01,0.01,0.01,0
2014/5/18,,0,0,0,0
2014/5/19,,0,0,0,0
2014/5/20,,0.11,0.14,0.16,0.16
2014/5/21,,0.13,0.17,0.17,0.34
2014/5/22,,0,0,0,0
2014/5/23,,0,0.05,0.03,0.05
2014/5/24,,0,0,0,0
2014/5/25,,0,0,0,0
2014/5/26,,0,0,0,0
2014/5/27,,0.65,1.18,0.61,0.69
2014/5/28,,0.02,0.06,0.06,0.14
2014/5/29,,0,0,0,0
2014/5/30,,0,0,0,0
2014/5/31,,0,0,0,0
2014/6/1,,0,0,0,0
2014/6/2,,0.76,0.74,0.73,0.43
2014/6/3,,0.21,0.12,0.23,0.18
2014/6/4,,0.22,0.25,0.26,0.22
2014/6/5,,0,0,0.01,0
2014/6/6,,0,0,0.01,0
2014/6/7,,0,0,0,0
2014/6/8,,0.12,0.12,0.14,0.13
2014/6/9,,0,0,0,0
2014/6/10,,0,0,0,0
2014/6/11,,0.55,0.88,1.04,0.88
2014/6/12,,0.08,0.11,0.07,0
2014/6/13,,0,0,0,0
2014/6/14,,0,0,0,0
2014/6/15,,0,0,0,0
2014/6/16,,0,0,0.01,0
2014/6/17,,0,0,0,0
2014/6/18,,1.45,1.42,1.98,1.42
2014/6/19,,0.01,0.01,0,0
2014/6/20,,0.15,0.17,0.19,0.16
2014/6/21,,0,0,0,0
2014/6/22,,0,0,0,0.01
2014/6/23,,0.03,0.09,0.08,0.05
2014/6/24,,0.38,0.35,0.49,0.38
2014/6/25,,0,0,0,0
2014/6/26,,0,0,0,0
2014/6/27,,0,0,0,0
2014/6/28,,0.13,0.1,0.2,0.35
2014/6/29,,0.03,0,0.06,0.11
2014/6/30,,0,0,0,0
2014/7/1,,0.46,0.74,0.56,0.48
2014/7/2,,0,0,0.02,0.05
2014/7/3,,0.12,0.17,0.12,0.05
2014/7/4,,0,0,0,0
2014/7/5,,0,0,0,0
2014/7/6,,0,0.01,0,0
2014/7/7,,0.85,1.18,0.92,0.95
2014/7/8,,0.62,0.62,0.68,0.28
2014/7/9,,0,0,0,0
2014/7/10,,0,0,0,0
2014/7/11,,0,0,0,0
2014/7/12,,0,0,0.02,0.01
2014/7/13,,0.16,0.23,0.27,0.17
2014/7/14,,0.39,0.35,0.38,0.44
2014/7/15,,0.02,0,0.11,0.01
2014/7/16,,0,0,0,0
2014/7/17,,0,0,0,0
2014/7/18,,0,0,0,0
2014/7/19,,0,0,0,0
2014/7/20,,0,0,0,0
2014/7/21,,0,0,0,0
2014/7/22,,0,0,0,0
2014/7/23,,0.01,0.01,0,0
2014/7/24,,0,0,0,0
2014/7/25,,0,0,0,0
2014/7/26,,0,0,0,0
2014/7/27,,0.44,0.49,0.52,0.53
2014/7/28,,0.01,0,0.01,0.02
2014/7/29,,0.07,0.15,0.08,0.14
2014/7/30,,0.01,0.05,0.03,0.08
2014/7/31,,0,0,0.01,0
2014/8/1,,0,0,0,0
2014/8/2,,0,0,0,0
2014/8/3,,0,0,0,0
2014/8/4,,0,0.03,0.01,0
2014/8/5,,0,0,0.17,0
2014/8/6,,0,0,0.03,0
2014/8/7,,0,0,0,0
2014/8/8,,0,0,0,0
2014/8/9,,0,0,0,0
2014/8/10,,0,0,0.01,0
2014/8/11,,1.2,0.89,1.15,0.97
2014/8/12,,0.16,0.21,0.16,0.5
2014/8/13,,0,0.01,0,0
2014/8/14,,0,0,0,0
2014/8/15,,0,0,0,0
2014/8/16,,0.09,0.05,0.06,0.04
2014/8/17,,0.43,0.4,0.61,0.44
2014/8/18,,0,0,0,0
2014/8/19,,0.54,0.62,0.54,0.8
2014/8/20,,0,0.01,0,0
2014/8/21,,0.07,0.05,0.06,0.08
2014/8/22,,0,0,0,0
2014/8/23,,0,0.01,0,0
2014/8/24,,0,0,0.04,0
2014/8/25,,0,0,0,0
2014/8/26,,0.72,0.93,0.68,0.5
2014/8/27,,0,0,0.03,0.02
2014/8/28,,0,0,0,0
2014/8/29,,0,0,0,0
2014/8/30,,0.14,0.21,0.15,0.23
2014/8/31,,0.05,0.08,0.05,0.14
2014/9/1,,0.68,0.5,0.85,0.36
2014/9/2,,0,0,0,0
2014/9/3,,0,0,0,0
2014/9/4,,0.02,0.37,0.05,0.24
2014/9/5,,0.03,0.15,0.05,0.27
2014/9/6,,0.04,0.05,0.05,0.04
2014/9/7,,0,0,0,0
2014/9/8,,0,0,0,0
2014/9/9,,0,0,0.01,0
2014/9/10,,1.44,1.25,1.59,1.35
2014/9/11,,0,0,0.01,0
2014/9/12,,0,0,0,0
2014/9/13,,0.27,0.25,0.27,0.23
2014/9/14,,0,0,0,0
2014/9/15,,0,0,0,0
2014/9/16,,0,0,0,0
2014/9/17,,0,0,0,0
2014/9/18,,0,0,0,0
2014/9/19,,0,0,0,0
2014/9/20,,0.94,1.17,1.15,0.96
2014/9/21,,0.34,0.38,0.31,0.26
2014/9/22,,0,0,0,0
2014/9/23,,0,0,0,0
2014/9/24,,0,0,0,0
2014/9/25,,0,0,0,0
2014/9/26,,0,0,0,0
2014/9/27,,0,0,0.01,0
2014/9/28,,0,0,0,0
2014/9/29,,0,0,0,0
2014/9/30,,0.12,0.15,0.11,0.08
2014/10/1,,0,0,0,0
2014/10/2,,0.09,0.15,0.16,0.23
2014/10/3,,0.5,0.25,0.45,0.46
2014/10/4,,0.14,0.16,0.19,0.12
2014/10/5,,0.02,0.02,0.02,0.01
2014/10/6,,0,0,0,0
2014/10/7,,0,0.03,0.01,0.02
2014/10/8,,0.01,0,0,0
2014/10/9,,0,0,0,0
2014/10/10,,0,0,0,0
2014/10/11,,0,0,0,0
2014/10/12,,0,0,0,0
2014/10/13,,0.2,0.24,0.23,0.26
2014/10/14,,0.32,0.38,0.48,0.4
2014/10/15,,0.01,0,0.01,0.01
2014/10/16,,0.01,0.02,0.02,0.03
2014/10/17,,0.05,0.07,0.07,0.11
2014/10/18,,0,0,0.01,0
2014/10/19,,0,0,0,0
2014/10/20,,0.1,0.15,0.07,0.15
2014/10/21,,0,0.02,0,0
2014/10/22,,0,0,0,0
2014/10/23,,0,0,0,0
2014/10/24,,0,0,0.01,0
2014/10/25,,0,0,0,0
2014/10/26,,0,0,0,0
2014/10/27,,0,0,0,0.02
2014/10/28,,0.26,0.25,0.28,0.23
2014/10/29,,0,0,0,0
2014/10/30,,0,0.05,0,0.03
2014/10/31,,0.04,0.08,0.1,0.07
2014/11/1,,0,0,0,0
2014/11/2,,0,0,0,0
2014/11/3,,0,0,0,0
2014/11/4,,0.08,0.07,0.09,0.08
2014/11/5,,0,0,0,0
2014/11/6,,0.08,0.09,0.11,0.08
2014/11/7,,0,0,0,0
2014/11/8,,0.07,0.06,0.04,0.05
2014/11/9,,0,0,0,0
2014/11/10,,0,0,0,0
2014/11/11,,0.01,0.03,0.02,0.01
2014/11/12,,0,0,0,0
2014/11/13,,0,0,0,0
2014/11/14,,0,0,0,0
2014/11/15,,0,0,0,0
2014/11/16,,0.01,0.02,0.03,0.03
2014/11/17,,0,0,0,0
2014/11/18,,0,0,0,0
2014/11/19,,0.01,0.01,0.02,0.01
2014/11/20,,0,0,0,0
2014/11/21,,0,0,0,0
2014/11/22,,0.02,0.02,0.03,0.05
2014/11/23,,0.85,0.9,1.03,0.79
2014/11/24,,0.54,0.52,0.59,0.53
2014/11/25,,0,0,0,0
2014/11/26,,0,0,0,0
2014/11/27,,0,0,0,0
2014/11/28,,0,0,0,0
2014/11/29,,0,0,0,0
2014/11/30,,0,0,0,0
2014/12/1,,0,0,0,0
2014/12/2,,0,0,0,0
2014/12/3,,0,0,0,0
2014/12/4,,0,0,0,0
2014/12/5,,0,0,0,0
2014/12/6,,0,0,0,0
2014/12/7,,0,0,0,0
2014/12/8,,0.08,0.09,0.1,0.07
2014/12/9,,0,0.01,0,0.01
2014/12/10,,0,0,0,0
2014/12/11,,0,0,0,0
2014/12/12,,0,0,0,0
2014/12/13,,0,0,0,0
2014/12/14,,0,0,0,0
2014/12/15,,0.1,0.16,0.15,0.1
2014/12/16,,0.32,0.38,0.4,0.24
2014/12/17,,0,0,0,0
2014/12/18,,0,0.02,0.02,0
2014/12/19,,0,0.01,0,0
2014/12/20,,0,0,0,0
2014/12/21,,0,0,0,0
2014/12/22,,0,0,0,0
2014/12/23,,0.05,0.06,0.05,0.03
2014/12/24,,0.86,0.81,0.91,0.85
2014/12/25,,0,0,0,0
2014/12/26,,0,0,0,0
2014/12/27,,0.02,0.02,0.03,0.02
2014/12/28,,0,0,0,0
2014/12/29,,0,0,0,0
2014/12/30,,0,0,0,0
2014/12/31,,0,0,0,0
2015/1/1,,0,0,0,0
2015/1/2,,0,0,0,0
2015/1/3,,0.45,0.44,0.52,0.41
2015/1/4,,0.02,0.06,0.05,0.07
2015/1/5,,0,0,0,0
2015/1/6,,0.01,0.04,0.03,0.04
2015/1/7,,0,0,0,0
2015/1/8,,0.01,0,0.03,0.01
2015/1/9,,0,0,0,0
2015/1/10,,0,0,0,0
2015/1/11,,0.03,0.05,0.09,0.06
2015/1/12,,0.03,0.06,0.06,0.05
2015/1/13,,0,0,0,0
2015/1/14,,0,0,0,0
2015/1/15,,0,0,0,0
2015/1/16,,0,0,0,0
2015/1/17,,0,0,0,0
2015/1/18,,0.02,0.02,0.03,0.02
2015/1/19,,0,0,0,0
2015/1/20,,0.02,0.02,0.01,0.01
2015/1/21,,0.05,0.08,0.03,0.04
2015/1/22,,0,0,0,0
2015/1/23,,0,0,0,0
2015/1/24,,0,0,0,0
2015/1/25,,0,0,0,0
2015/1/26,,0,0,0,0
2015/1/27,,0,0,0,0
2015/1/28,,0,0,0,0
2015/1/29,,0.01,0.03,0.02,0.02
2015/1/30,,0,0,0,0
2015/1/31,,0,0,0,0
2015/2/1,,0.48,0.7,0.11,0.19
2015/2/2,,0,0.03,0,0.02
2015/2/3,,0,0.01,0.01,0.01
2015/2/4,,0.02,0.04,0.04,0.05
2015/2/5,,0,0,0,0
2015/2/6,,0,0,0,0
2015/2/7,,0,0,0,0
2015/2/8,,0,0,0,0
2015/2/9,,0,0,0,0
2015/2/10,,0,0,0,0
2015/2/11,,0,0,0,0
2015/2/12,,0,0,0,0
2015/2/13,,0,0,0,0
2015/2/14,,0,0.01,0,0
2015/2/15,,0,0,0,0
2015/2/16,,0,0,0,0
2015/2/17,,0,0,0,0
2015/2/18,,0,0,0,0
2015/2/19,,0,0,0,0
2015/2/20,,0,0,0,0
2015/2/21,,0,0,0,0
2015/2/22,,0,0,0,0
2015/2/23,,0,0,0,0
2015/2/24,,0,0,0,0
2015/2/25,,0,0,0,0
2015/2/26,,0,0,0,0
2015/2/27,,0,0,0,0
2015/2/28,,0,0,0,0
2015/3/1,,0,0,0,0
2015/3/2,,0,0,0,0
2015/3/3,,0.17,0.23,0.25,0.18
2015/3/4,,0,0,0,0
2015/3/5,,0,0,0,0
2015/3/6,,0,0,0,0
2015/3/7,,0,0,0,0
2015/3/8,,0,0,0,0
2015/3/9,,0,0,0,0
2015/3/10,,0,0.04,0.06,0.04
2015/3/11,,0,0,0,0
2015/3/12,,0,0,0,0
2015/3/13,,0,0,0,0
2015/3/14,,0,0,0,0
2015/3/15,,0,0,0,0
2015/3/16,,0,0,0,0
2015/3/17,,0,0,0,0
2015/3/18,,0,0,0,0
2015/3/19,,0,0,0,0
2015/3/20,,0,0,0,0
2015/3/21,,0,0,0,0
2015/3/22,,0,0,0,0
2015/3/23,,0,0,0,0
2015/3/24,,0,0,0,0
2015/3/25,,0.19,0.22,0.15,0.2
2015/3/26,,0,0,0,0
2015/3/27,,0,0,0,0
2015/3/28,,0,0,0,0
2015/3/29,,0,0,0,0
2015/3/30,,0.01,0.02,0,0.01
2015/3/31,,0.18,0.23,0.29,0.2
2015/4/1,,0,0,0,0
2015/4/2,,0.17,0.2,0.18,0.2
2015/4/3,,0.01,0.02,0.01,0.04
2015/4/4,,0,0,0,0
2015/4/5,,0,0,0,0
2015/4/6,,0,0,0,0
2015/4/7,,0.02,0.05,0.04,0.03
2015/4/8,,0.02,0.02,0.02,0.02
2015/4/9,,0.73,0.63,0.75,0.88
2015/4/10,,0.11,0.11,0.13,0.13
2015/4/11,,0,0,0,0
2015/4/12,,0,0,0,0
2015/4/13,,0.01,0.02,0.01,0.01
2015/4/14,,0,0,0,0
2015/4/15,,0,0,0,0
2015/4/16,,0,0,0.01,0.01
2015/4/17,,0,0,0.01,0
2015/4/18,,0,0,0,0
2015/4/19,,0.32,0.34,0.45,0.32
2015/4/20,,0.21,0.39,0.26,0.23
2015/4/21,,0.02,0.03,0.04,0.03
2015/4/22,,0,0.01,0,0
2015/4/23,,0,0,0,0
2015/4/24,,0,0,0,0
2015/4/25,,0.03,0.05,0.05,0.05
2015/4/26,,0,0,0.01,0
2015/4/27,,0,0,0,0
2015/4/28,,0,0,0,0
2015/4/29,,0.14,0.1,0.17,0.13
2015/4/30,,0.22,0.22,0.25,0.27
2015/5/1,,0,0,0,0
2015/5/2,,0,0,0,0
2015/5/3,,0,0,0,0
2015/5/4,,0.01,0.02,0.03,0.08
2015/5/5,,1,0.89,0.9,0.96
2015/5/6,,0.29,0.3,0.27,0.36
2015/5/7,,0,0,0,0
2015/5/8,,0.07,0.33,0.04,0.1
2015/5/9,,0.02,0.02,0.03,0.03
2015/5/10,,0.48,0.42,0.45,0.71
2015/5/11,,0.18,0.23,0.22,0.13
2015/5/12,,0,0,0,0
2015/5/13,,0,0,0,0
2015/5/14,,0,0,0,0
2015/5/15,,0.07,0.11,0.12,0.08
2015/5/16,,0.04,0.04,0.04,0.08
2015/5/17,,0.16,0.16,0.11,0.03
2015/5/18,,0,0.01,0,0
2015/5/19,,0,0,0,0
2015/5/20,,0,0.02,0.01,0.01
2015/5/21,,0.01,0.01,0.01,0
2015/5/22,,0,0.05,0.07,0.05
2015/5/23,,0,0,0,0
2015/5/24,,0,0,0,0
2015/5/25,,0.06,0.06,0.07,0.06
2015/5/26,,0.25,0.25,0.27,0.23
2015/5/27,,0,0.01,0,0.01
2015/5/28,,0,0,0,0
2015/5/29,,0,0.03,0,0
2015/5/30,,1.14,1.64,1.2,1.1
2015/5/31,,1.39,1.42,1.07,1.28
2015/6/1,,0,0,0,0
2015/6/2,,0,0,0,0
2015/6/3,,0,0,0,
2015/6/4,,0,0,0,
2015/6/5,,0,0,0.26,
2015/6/6,,0,0,0,
2015/6/7,,0.29,0.25,0.24,
2015/6/8,,0.06,0.09,0.07,0.03
2015/6/9,,0,0,0.01,0
2015/6/10,,0,0.04,0,0.07
2015/6/11,,0.01,0,0,0
2015/6/12,,0.05,0.13,0.15,0.34
2015/6/13,,0.07,0.07,0.07,0.17
2015/6/14,,3.01,2.11,2.24,2.85
2015/6/15,,0.31,0.5,0.49,0.65
2015/6/16,,0.07,0.08,0.12,0.12
2015/6/17,,0.05,0.07,0.12,0.03
2015/6/18,,0.06,0.15,0.09,0.12
2015/6/19,,0,0,0,0
2015/6/20,,0.01,0.01,0,0.05
2015/6/21,,0,0,0,0
2015/6/22,,0.04,0.08,0.05,0.03
2015/6/23,,1.15,1.17,1.5,1.46
2015/6/24,,0,0,0,0
2015/6/25,,0,0,0,0
2015/6/26,,0,0,0,0
2015/6/27,,1.38,1.34,1,1.45
2015/6/28,,0,0,0,0
2015/6/29,,0,0,0,0
2015/6/30,,0.12,0.05,0.05,0.06
2015/7/1,,0.02,0,0.07,0
2015/7/2,,0,0,0,0
2015/7/3,,0,0,0,0
2015/7/4,,0,0,0,0
2015/7/5,,0,0,0,0
2015/7/6,,0,0,0,0
2015/7/7,,0.25,0.32,0.23,0.32
2015/7/8,,0,0,0,0
2015/7/9,,0.55,0.61,0.61,0.55
2015/7/10,,0,0,0,0
2015/7/11,,0,0,0,0
2015/7/12,,0,0,0.01,0.01
2015/7/13,,0,0,0,0
2015/7/14,,0.54,0.35,0.33,0.57
2015/7/15,,0,0,0,0
2015/7/16,,0,0,0,0
2015/7/17,,0.42,0.43,0.5,0.5
2015/7/18,,0.04,0.07,0.06,0.08
2015/7/19,,0,0.01,0,0
2015/7/20,,0,0,0,0
2015/7/21,,0,0,0,0
2015/7/22,,0,0,0,0
2015/7/23,,0,0,0,0
2015/7/24,,0,0,0,0
2015/7/25,,0,0,0,0
2015/7/26,,0,0,0,0
2015/7/27,,0,0,0,0
2015/7/28,,0,0,0,0
2015/7/29,,0.29,0.28,0.15,0.52
2015/7/30,,0,0,0,0
2015/7/31,,0,0,0,0
2015/8/1,,0,0,0,0
2015/8/2,,0.9,0.85,0.88,0.86
2015/8/3,,0.25,0.24,0.26,0.26
2015/8/4,,0,0,0,0
2015/8/5,,0,0,0,0
2015/8/6,,0,0,0,0
2015/8/7,,0,0,0,0
2015/8/8,,0.01,0.02,0,0
2015/8/9,,0,0,0.01,0
2015/8/10,,1.26,1.25,1.06,1.09
2015/8/11,,0.01,0,0,0
2015/8/12,,0,0,0,0
2015/8/13,,0,0,0,0
2015/8/14,,0.02,0.16,0,0.06
2015/8/15,,0,0.01,0.01,0.01
2015/8/16,,0,0,0,0
2015/8/17,,0,0,0,0
2015/8/18,,0,0.04,0,0
2015/8/19,,0.53,0.22,0.46,0.47
2015/8/20,,0.26,0.39,0.35,0.27
2015/8/21,,0,0,0,0
2015/8/22,,0,0,0,0
2015/8/23,,0.16,0.38,0.25,0.15
2015/8/24,,0.01,0.01,0,0
2015/8/25,,0,0.01,0.01,0.01
2015/8/26,,0,0,0,0
2015/8/27,,0,0,0,0
2015/8/28,,0,0.04,0.03,0.05
2015/8/29,,0,0,0,0
2015/8/30,,0.01,0.11,0.02,0
2015/8/31,,0,0.01,0,0
2015/9/1,,0,0,0,0
2015/9/2,,0,0.25,0.03,0.08
2015/9/3,,1.09,0.9,0.79,1.13
2015/9/4,,0,0,0,0
2015/9/5,,0,0.12,0,0.02
2015/9/6,,0,0,0,0.01
2015/9/7,,0,0,0,0
2015/9/8,,0,0.03,0,0
2015/9/9,,0,0.01,0,0.02
2015/9/10,,0,0,0,0
2015/9/11,,0.09,0.11,0.09,0.11
2015/9/12,,0.01,0.02,0,0
2015/9/13,,0,0,0,0
2015/9/14,,0,0,0,0
2015/9/15,,0,0,0,0
2015/9/16,,0,0,0,0
2015/9/17,,0,0,0,0
2015/9/18,,0.29,0.29,0.42,0.49
2015/9/19,,0.24,0.23,0.3,0.24
2015/9/20,,0,0,0,0
2015/9/21,,0,0,0,0
2015/9/22,,0,0,0,0
2015/9/23,,0,0,0,0
2015/9/24,,0,0,0,0
2015/9/25,,0,0,0,0
2015/9/26,,0,0,0,0
2015/9/27,,0,0,0,0
2015/9/28,,0,0,0,0
2015/9/29,,0.07,0.12,0.06,0.08
2015/9/30,,0,0,0,0
2015/10/1,,0,0,0,0
2015/10/2,,0,0,0,0
2015/10/3,,0.08,0.1,0.06,0.03
2015/10/4,,0.01,0.01,0.01,0
2015/10/5,,0,0,0,0
2015/10/6,,0,0,0,0
2015/10/7,,0,0,0,0
2015/10/8,,0.01,0.05,0.04,0.01
2015/10/9,,0.01,0.01,0.02,0.01
2015/10/10,,0,0,0,0
2015/10/11,,0,0,0,0
2015/10/12,,0,0,0,0
2015/10/13,,0,0,0,0
2015/10/14,,0.02,0.01,0.03,0.01
2015/10/15,,0,0,0,0
2015/10/16,,0,0,0,0
2015/10/17,,0,0,0,0
2015/10/18,,0,0,0,0
2015/10/19,,0,0,0,0
2015/10/20,,0,0,0,0
2015/10/21,,0,0.01,0,0
2015/10/22,,0,0,0,0
2015/10/23,,0,0.01,0,0
2015/10/24,,0.44,0.45,0.52,0.5
2015/10/25,,0,0,0,0
2015/10/26,,0,0,0,0
2015/10/27,,0.03,0.07,0.06,0.04
2015/10/28,,1.28,1.19,1.38,0
2015/10/29,,0,0,0,0
2015/10/30,,0,0,0,0
2015/10/31,,0.08,0.12,0.11,0
2015/11/1,,0.01,0,0.02,0
2015/11/2,,0,0,0,0.05
2015/11/3,,0,0,0,0
2015/11/4,,0,0,0,0
2015/11/5,,0,0,0,0.01
2015/11/6,,0.24,0.19,0.22,0
2015/11/7,,0,0,0,0
2015/11/8,,0,0,0,0
2015/11/9,,0,0,0,0
2015/11/10,,0.29,0.27,0.34,0.12
2015/11/11,,0,0,0,0
2015/11/12,,0.24,0.27,0.28,0.18
2015/11/13,,0.01,0.02,0.02,0.04
2015/11/14,,0,0,0,0
2015/11/15,,0,0,0,0
2015/11/16,,0,0,0,0
2015/11/17,,0,0,0,0
2015/11/18,,0.17,0.17,0.21,0.16
2015/11/19,,0,0,0,0
2015/11/20,,0,0,0,0
2015/11/21,,0.46,0.77,0.19,0.51
2015/11/22,,0,0.01,0,0
2015/11/23,,0,0,0,0
2015/11/24,,0,0,0,0
2015/11/25,,0,0,0,0
2015/11/26,,0.06,0.02,0.09,0.06
2015/11/27,,0.38,0.4,0.36,0.38
2015/11/28,,0.02,0.02,0.02,0.01
2015/11/29,,0,0,0,0
2015/11/30,,0,0,0,0
2015/12/1,,0.01,0.03,0.02,0.01
2015/12/2,,0.06,0.06,0.09,0.07
2015/12/3,,0.01,0,0,0
2015/12/4,,0,0,0,0
2015/12/5,,0,0,0,0
2015/12/6,,0,0,0,0
2015/12/7,,0,0,0,0
2015/12/8,,0,0,0,0
2015/12/9,,0,0,0,0
2015/12/10,,0,0,0,0
2015/12/11,,0,0,0,0
2015/12/12,,0,0,0,0
2015/12/13,,0,0,0,0
2015/12/14,,0.31,0.1,0.28,0.25
2015/12/15,,0,0,0,0
2015/12/16,,0.02,0.01,0.04,0.03
2015/12/17,,0,0,0,0
2015/12/18,,0,0,0,0
2015/12/19,,0,0,0,0
2015/12/20,,0,0,0,0
2015/12/21,,0.41,0.41,0.51,0.39
2015/12/22,,0,0.04,0.03,0.15
2015/12/23,,0.54,0.47,0.59,0.58
2015/12/24,,0,0,0,0
2015/12/25,,0,0,0,0
2015/12/26,,0.03,0.04,0.03,0.03
2015/12/27,,0.17,0.2,0.2,0.19
2015/12/28,,0.78,0.72,0.77,0.61
2015/12/29,,0.02,0.02,0.02,0.02
2015/12/30,,0,0,0,0
2015/12/31,,0,0,0,0
2016/1/1,,0,0,0,0
2016/1/2,,0,0,0,0
2016/1/3,,0,0,0,0
2016/1/4,,0,0,0,0
2016/1/5,,0,0,0,0
2016/1/6,,0,0,0,0
2016/1/7,,0,0,0,0
2016/1/8,,0.11,0.12,0.14,0.15
2016/1/9,,0.1,0.07,0.13,0.08
2016/1/10,,0.19,0.35,0.18,0.28
2016/1/11,,0,0.01,0,0
2016/1/12,,0.02,0.03,0.04,0.03
2016/1/13,,0,0,0.01,0.01
2016/1/14,,0,0,0,0
2016/1/15,,0.15,0.15,0.19,0.15
2016/1/16,,0,0,0,0
2016/1/17,,0,0,0,0
2016/1/18,,0,0,0,0
2016/1/19,,0,0,0,0
2016/1/20,,0,0,0,0
2016/1/21,,0,0,0,0
2016/1/22,,0,0,0,0
2016/1/23,,0,0,0,0
2016/1/24,,0,0,0,0
2016/1/25,,0,0,0,0.01
2016/1/26,,0,0,0.01,0
2016/1/27,,0,0,0,0
2016/1/28,,0,0,0,0
2016/1/29,,0,0,0.01,0
2016/1/30,,0,0,0,0
2016/1/31,,0.11,0.11,0.17,0.1
2016/2/1,,0,0,0,0
2016/2/2,,0.37,0.32,0.5,0.36
2016/2/3,,0,0,0.01,0
2016/2/4,,0,0,0,0
2016/2/5,,0,0,0,0
2016/2/6,,0,0,0,0
2016/2/7,,0,0,0,0
2016/2/8,,0,0,0,0
2016/2/9,,0.02,0.05,0.05,0.04
2016/2/10,,0,0,0,0
2016/2/11,,0,0,0,0
2016/2/12,,0,0,0,0
2016/2/13,,0,0,0,0
2016/2/14,,0,0,0,0
2016/2/15,,0,0,0,0
2016/2/16,,0,0,0,0
2016/2/17,,0.02,0.05,0.05,0.03
2016/2/18,,0,0,0,0
2016/2/19,,0,0,0,0
2016/2/20,,0,0,0,0
2016/2/21,,0,0,0,0
2016/2/22,,0,0,0,0
2016/2/23,,0,0,0,0
2016/2/24,,0.55,0.78,0.11,0.47
2016/2/25,,0.02,0.2,0.04,0.12
2016/2/26,,0,0,0,0
2016/2/27,,0,0,0,0
2016/2/28,,0.22,0.22,0.23,0.19
2016/2/29,,0,0,0.03,0.01
2016/3/1,,0.14,0.35,0.08,0.18
2016/3/2,,0,0,0,0
2016/3/3,,0.02,0.04,0.02,0.02
2016/3/4,,0,0,0,0
2016/3/5,,0.04,0.09,0.08,0.07
2016/3/6,,0,0,0,0
2016/3/7,,0,0,0,0
2016/3/8,,0,0,0,0
2016/3/9,,0,0,0,0
2016/3/10,,0.02,0.06,0.03,0
2016/3/11,,0,0,0,0
2016/3/12,,0,0,0,0
2016/3/13,,0.78,0.72,0.89,0.62
2016/3/14,,0,0.01,0.01,0
2016/3/15,,0.05,0.1,0.05,0.04
2016/3/16,,0,0.05,0.09,0.01
2016/3/17,,0,0,0,0
2016/3/18,,0,0,0,0
2016/3/19,,0,0,0,0
2016/3/20,,0,0,0,0
2016/3/21,,0,0,0,0
2016/3/22,,0,0,0,0
2016/3/23,,0.01,0.01,0,0
2016/3/24,,0.97,0.83,1.03,1.04
2016/3/25,,0.01,0,0,0
2016/3/26,,0,0,0,0
2016/3/27,,0.31,0.39,0.39,0.39
2016/3/28,,0.12,0.14,0.13,0.11
2016/3/29,,0,0,0,0
2016/3/30,,0.03,0.02,0.02,0.03
2016/3/31,,0.85,0.54,0.87,0.99
2016/4/1,,0,0.02,0.02,0.01
2016/4/2,,0.06,0.1,0.06,0.07
2016/4/3,,0.02,0.03,0.02,0.03
2016/4/4,,0,0,0,0
2016/4/5,,0,0,0,0
2016/4/6,,0.08,0.13,0.13,0.1
2016/4/7,,0.04,0.09,0.03,0.06
2016/4/8,,0,0.02,0,0
2016/4/9,,0,0,0,0
2016/4/10,,0.36,0.41,0.43,0.32
2016/4/11,,0.01,0.01,0.02,0.02
2016/4/12,,0,0,0,0
2016/4/13,,0,0,0,0
2016/4/14,,0,0,0,0
2016/4/15,,0,0,0,0
2016/4/16,,0,0,0,0
2016/4/17,,0,0,0,0
2016/4/18,,0,0,0,0
2016/4/19,,0,0,0,0
2016/4/20,,0,0,0,0
2016/4/21,,0.62,0.94,0.64,0.4
2016/4/22,,0,0,0,0
2016/4/23,,0,0,0,0
2016/4/24,,0,0,0,0
2016/4/25,,0.27,0.23,0.29,0.28
2016/4/26,,0.09,0.12,0.11,0.12
2016/4/27,,0,0.04,0.14,0.1
2016/4/28,,0.07,0.13,0.06,0.07
2016/4/29,,0,0,0,0
2016/4/30,,0.69,0.67,0.69,0.54
2016/5/1,,0.02,0.04,0.03,0.01
2016/5/2,,0.25,0.25,0.27,0.24
2016/5/3,,0.01,0,0,0
2016/5/4,,0.4,0.43,0.37,0.38
2016/5/5,,0.02,0,0,0
2016/5/6,,0,0,0,0
2016/5/7,,0,0,0.01,0
2016/5/8,,0,0,0,0
2016/5/9,,0,0,0,0
2016/5/10,,0.21,0.19,0.2,0.18
2016/5/11,,0,0,0.01,0
2016/5/12,,0.71,0,0.63,0.63
2016/5/13,,0.05,,0.07,0.06
2016/5/14,,0.25,,0.28,0.27
2016/5/15,,0.01,,0.01,0
2016/5/16,,0,,0.02,0
2016/5/17,,0,,0.01,0.01
2016/5/18,,0,,0,0
2016/5/19,,0,,0,0
2016/5/20,,0,,0,0
2016/5/21,,0,,0,0.01
2016/5/22,,0,,0,0
2016/5/23,,0,,0,0
2016/5/24,,0,,0,0
2016/5/25,,0,,0,0
2016/5/26,,0.03,,0.01,0
2016/5/27,,0,,0.08,0.11
2016/5/28,,0,,0,0
2016/5/29,,0.02,,0.06,0
2016/5/30,,0,,0.01,0
2016/5/31,,0,,0,0
2016/6/1,,0.93,,0.65,0.55
2016/6/2,,0,,0.01,0.01
2016/6/3,,0,,0,0
2016/6/4,,1.19,,1.53,1.72
2016/6/5,,0.3,,0.16,0.13
2016/6/6,,0,0,0,0
2016/6/7,,0,0,0,0
2016/6/8,,0,0,0,0
2016/6/9,,0,0,0,0
2016/6/10,,0,0,0,0
2016/6/11,,0,0,0,0
2016/6/12,,0,0,0,0
2016/6/13,,0,0,0,0
2016/6/14,,0,0,0,0
2016/6/15,,0,0,0,0
2016/6/16,,0.91,0,0.78,0.96
2016/6/17,,0,0,0,0
2016/6/18,,0,0,0,0
2016/6/19,,0,0,0,0
2016/6/20,,0,0,0,0
2016/6/21,,0,0,0,0
2016/6/22,,0,0,0,0
2016/6/23,,0,0.02,0,0.01
2016/6/24,,0,0,0,0
2016/6/25,,0,0,0,0
2016/6/26,,0,0.02,0,0
2016/6/27,,0,0.01,0,0
2016/6/28,,0,0,0,0
2016/6/29,,0,0,0,0
2016/6/30,,0,0,0,0
2016/7/1,,0.23,0.37,0.3,0.19
2016/7/2,,0,0,0,0
2016/7/3,,0,0,0,0
2016/7/4,,0,0,0,0
2016/7/5,,0,0,0,0
2016/7/6,,0,0,0,0
2016/7/7,,0,0.04,0,0.23
2016/7/8,,0.14,0.17,0.21,0.13
2016/7/9,,0,0,0,0
2016/7/10,,0,0,0,0
2016/7/11,,0,0,0,0
2016/7/12,,0.06,0.12,0.09,0.36
2016/7/13,,0.09,0.25,0.09,0.04
2016/7/14,,0.02,0.02,0.02,0
2016/7/15,,0,0,0,0
2016/7/16,,0,0,0,0
2016/7/17,,0,0,0,0
2016/7/18,,0.22,0.36,0.17,0.13
2016/7/19,,0,0,0,0
2016/7/20,,0,0,0,0
2016/7/21,,0.46,0.29,0.48,0.58
2016/7/22,,0,0,0,0
2016/7/23,,0,0,0,0
2016/7/24,,0.1,0.14,0.12,0.13
2016/7/25,,0.06,0.05,0.05,0.05
2016/7/26,,0,0,0,0
2016/7/27,,0,0,0,0
2016/7/28,,0,0,0,0
2016/7/29,,0.01,0.01,0,0.98
2016/7/30,,0.76,1.56,0.5,0.94
2016/7/31,,0,0,0,0
2016/8/1,,0,0,0,0
2016/8/2,,0,0,0,0
2016/8/3,,0,0,0,0
2016/8/4,,0,0,0,0
2016/8/5,,0,0,0,0
2016/8/6,,0,0,0,0
2016/8/7,,0,0,0,0
2016/8/8,,0,0,0,0
2016/8/9,,0,0,0,0
2016/8/10,,0,0,0,0
2016/8/11,,0,0,0,0
2016/8/12,,0.01,0.12,0.1,0.06
2016/8/13,,0.25,0.16,0.22,0.5
2016/8/14,,0.37,0.54,0.37,0.51
2016/8/15,,0.48,0.73,0.46,0.45
2016/8/16,,2.06,1.5,2.17,1.98
2016/8/17,,0.04,0.1,0.07,0
2016/8/18,,0,0,0,0
2016/8/19,,0,0,0.06,0
2016/8/20,,0,0.02,0,0.01
2016/8/21,,0.21,0.39,0.15,0.23
2016/8/22,,0.01,0.01,0.01,0
2016/8/23,,0,0,0,0
2016/8/24,,0.17,0.34,0.25,0.19
2016/8/25,,0,0,0.03,0
2016/8/26,,0,0,0,0
2016/8/27,,0.43,0.85,0.33,0.57
2016/8/28,,0,0,0,0
2016/8/29,,0,0,0,0
2016/8/30,,0,0,0,0.03
2016/8/31,,0,0.01,0.01,0
2016/9/1,,0,0,0,0
2016/9/2,,0,0,0,0
2016/9/3,,0,0,0,0
2016/9/4,,0,0,0,0
2016/9/5,,0,0,0.02,0
2016/9/6,,0,0,0,0
2016/9/7,,0,0,0.05,0
2016/9/8,,0.28,0.28,0.3,0.16
2016/9/9,,0,0,0,0
2016/9/10,,0.76,0.79,0.83,0.81
2016/9/11,,0,0,0,0
2016/9/12,,0,0,0,0
2016/9/13,,0,0,0,0
2016/9/14,,0.01,0.03,0.02,0.02
2016/9/15,,0,0,0,0
2016/9/16,,0,0,0,0
2016/9/17,,0.17,0.23,0.2,0.25
2016/9/18,,0,0,0,0
2016/9/19,,0,0,0,0
2016/9/20,,0,0,0,0
2016/9/21,,0,0,0,0
2016/9/22,,0,0,0,0
2016/9/23,,0,0,0,0
2016/9/24,,0,0,0,0
2016/9/25,,0,0,0,0
2016/9/26,,0.08,0.19,0.12,0.14
2016/9/27,,0,0,0,0
2016/9/28,,0.34,0.33,0.41,0.32
2016/9/29,,1.93,2.31,1.94,1.93
2016/9/30,,0.24,0.3,0.27,0.22
2016/10/1,,0.4,0.44,0.32,0.43
2016/10/2,,0,0,0.01,0
2016/10/3,,0,0,0.01,0
2016/10/4,,0,0.01,0.01,0
2016/10/5,,0,0,0,0
2016/10/6,,0,0,0,0
2016/10/7,,0.27,0.35,0.25,0.14
2016/10/8,,0.01,0,0,0
2016/10/9,,0,0,0,0
2016/10/10,,0,0,0,0
2016/10/11,,0,0,0,0
2016/10/12,,0.18,0.24,0.22,0.19
2016/10/13,,0,0,0,0
2016/10/14,,0,0,0,0
2016/10/15,,0,0,0,0
2016/10/16,,0.23,0.24,0.23,0.2
2016/10/17,,0,0,0,0.01
2016/10/18,,0,0,0.01,0
2016/10/19,,0.14,0.13,0.13,0.13
2016/10/20,,1.01,0.86,0.98,1.02
2016/10/21,,0.01,0.02,0.02,0.01
2016/10/22,,0,0,0,0
2016/10/23,,0,0,0,0
2016/10/24,,0,0,0,0
2016/10/25,,0,0.05,0.04,0.03
2016/10/26,,0.52,0.53,0.58,0.43
2016/10/27,,0.05,0.06,0.07,0.06
2016/10/28,,0,0,0,0
2016/10/29,,0,0,0,0
2016/10/30,,0.43,0.53,0.41,0.44
2016/10/31,,0,0,0,0
2016/11/1,,0,0,0,0
2016/11/2,,0.39,0.36,0.39,0.37
2016/11/3,,0.12,0.1,0.21,0.09
2016/11/4,,0,0,0,0
2016/11/5,,0,0,0,0
2016/11/6,,0,0,0,0
2016/11/7,,0,0,0,0
2016/11/8,,0.01,0.02,0.02,0.09
2016/11/9,,0,0,0,0
2016/11/10,,0,0,0,0
2016/11/11,,0,0,0,0
2016/11/12,,0,0,0,0
2016/11/13,,0,0,0,0
2016/11/14,,0,0,0,0
2016/11/15,,0,0,0,0
2016/11/16,,0,0,0,0
2016/11/17,,0,0,0,0
2016/11/18,,0.07,0.16,0.08,0.1
2016/11/19,,0.04,0.03,0.05,0.04
2016/11/20,,0,0,0,0
2016/11/21,,0,0,0,0
2016/11/22,,0,0,0,0
2016/11/23,,0.24,0.27,0.38,0.21
2016/11/24,,0.01,0.01,0,0
2016/11/25,,0,0,0,0
2016/11/26,,0,0,0.01,0
2016/11/27,,0,0,0,0
2016/11/28,,0.64,0.75,0.69,0.48
2016/11/29,,0.05,0.04,0.06,0.03
2016/11/30,,0,0,0,0
2016/12/1,,0,0,0,0
2016/12/2,,0,0,0,0
2016/12/3,,0,0,0,0
2016/12/4,,0.13,0.16,0.16,0.14
2016/12/5,,0,0,0,0
2016/12/6,,0.06,0.05,0.09,0.1
2016/12/7,,0,0,0,0
2016/12/8,,0,0,0,0
2016/12/9,,0,0,0,0
2016/12/10,,0,0.01,0,0
2016/12/11,,0.47,0.63,0.58,0.56
2016/12/12,,0.01,0,0,0
2016/12/13,,0,0,0,0
2016/12/14,,0,0.01,0,0.02
2016/12/15,,0,0,0,0
2016/12/16,,0.02,0.06,0.05,0.05
2016/12/17,,0.07,0.1,0.11,0.06
2016/12/18,,0,0,0,0
2016/12/19,,0,0,0,0
2016/12/20,,0,0,0,0
2016/12/21,,0,0,0,0
2016/12/22,,0,0,0,0
2016/12/23,,0.03,0.04,0.03,0.03
2016/12/24,,0.04,0.02,0.03,0.03
2016/12/25,,0,0,0,0
2016/12/26,,0.22,0.22,0.25,0.23
2016/12/27,,0,0,0,0
2016/12/28,,0,0,0,0
2016/12/29,,0,0,0,0
2016/12/30,,0,0,0,0
2016/12/31,,0,0,0,0
2017/1/1,,0,0,0,0
2017/1/2,,0.24,0.3,0.24,0.26
2017/1/3,,0.16,0.17,0.21,0.13
2017/1/4,,0,0,0,0
2017/1/5,,0,0.1,0.07,0.06
2017/1/6,,0,0,0,0
2017/1/7,,0,0,0,0
2017/1/8,,0,0,0,0
2017/1/9,,0,0,0,0
2017/1/10,,0.52,0.46,0.56,0.39
2017/1/11,,0.32,0.31,0.37,0.24
2017/1/12,,0.29,0.29,0.3,0.34
2017/1/13,,0,0,0,0
2017/1/14,,0,0,0,0
2017/1/15,,0,0,0,0
2017/1/16,,0.12,0.15,0.2,0.09
2017/1/17,,0.41,0.46,0.46,0.38
2017/1/18,,0,0,0,0
2017/1/19,,0,0,0,0
2017/1/20,,0.05,0.05,0.06,0.06
2017/1/21,,0,0,0,0
2017/1/22,,0,0,0.01,0
2017/1/23,,0.03,0.07,0.06,0.03
2017/1/24,,0.02,0.02,0.03,0.02
2017/1/25,,0,0,0,0
2017/1/26,,0,0.01,0.02,0
2017/1/27,,0,0,0,0
2017/1/28,,0,0,0,0
2017/1/29,,0.04,0.11,0.02,0.05
2017/1/30,,0.01,0.04,0.03,0.03
2017/1/31,,0.14,0.17,0.17,0.12
2017/2/1,,0.01,0.07,0.04,0.07
2017/2/2,,0,0,0,0
2017/2/3,,0,0,0,0
2017/2/4,,0,0,0,0
2017/2/5,,0,0,0,0
2017/2/6,,0,0,0,0
2017/2/7,,0.79,1.01,0.91,0.78
2017/2/8,,0,0,0,0
2017/2/9,,0.1,0.06,0.09,0.04
2017/2/10,,0,0,0,0
2017/2/11,,0.01,0.02,0.03,0.02
2017/2/12,,0.11,0.14,0.15,0.12
2017/2/13,,0,0,0,0
2017/2/14,,0,0.03,0,0.02
2017/2/15,,0.01,0,0,0
2017/2/16,,0,0,0,0
2017/2/17,,0,0,0,0
2017/2/18,,0,0,0,0
2017/2/19,,0,0,0,0
2017/2/20,,0,0,0,0
2017/2/21,,0.01,0.01,0,0.01
2017/2/22,,0,0,0,0
2017/2/23,,0,0,0,0
2017/2/24,,0.34,0.24,0.41,0.54
2017/2/25,,0,0,0,0
2017/2/26,,0,0,0,0
2017/2/27,,0,0,0,0
2017/2/28,,0.97,1.02,1.07,0.96
2017/3/1,,0.53,0.58,0.65,0.72
2017/3/2,,0,0,0,0
2017/3/3,,0,0,0,0
2017/3/4,,0,0,0,0
2017/3/5,,0,0,0,0
2017/3/6,,0.04,0.04,0.04,0.08
2017/3/7,,0.19,0.23,0.17,0.22
2017/3/8,,0,0,0,0
2017/3/9,,0,0,0,0
2017/3/10,,0,0,0,0
2017/3/11,,0,0,0,0
2017/3/12,,0,0,0,0
2017/3/13,,0.08,0.13,0.03,0.05
2017/3/14,,0,0,0,0
2017/3/15,,0,0,0,0
2017/3/16,,0,0,0,0
2017/3/17,,0.08,0.1,0.12,0.17
2017/3/18,,0.1,0.13,0.12,0.11
2017/3/19,,0,0,0,0
2017/3/20,,0.15,0.17,0.12,0.13
2017/3/21,,0,0,0,0
2017/3/22,,0,0,0,0
2017/3/23,,0.12,0.15,0.15,0.13
2017/3/24,,0.3,0.3,0.28,0.27
2017/3/25,,0,0.01,0.02,0
2017/3/26,,0.27,0.23,0.33,0.28
2017/3/27,,0,0,0.01,0
2017/3/28,,0,0,0,0
2017/3/29,,0.01,0.03,0.03,0.01
2017/3/30,,1.14,0.94,1.16,1.16
2017/3/31,,0,0,0.01,0
2017/4/1,,0,0,0,0
2017/4/2,,0,0,0,0
2017/4/3,,0.22,0.25,0.26,0.24
2017/4/4,,0.09,0.18,0.11,0.16
2017/4/5,,0.71,0.8,0.67,0.68
2017/4/6,,0.35,0.67,0.2,0.42
2017/4/7,,0,0,0,0.01
2017/4/8,,0,0,0,0
2017/4/9,,0,0,0,0
2017/4/10,,0.56,0.41,0.57,0.55
2017/4/11,,0.06,0.05,0.08,0.1
2017/4/12,,0,0,0,0
2017/4/13,,0,0,0,0
2017/4/14,,0,0,0,0
2017/4/15,,0.01,0.03,0.02,0.02
2017/4/16,,0,0,0,0
2017/4/17,,0,0,0,0
2017/4/18,,0,0,0,0
2017/4/19,,0.41,0.29,0.31,0.21
2017/4/20,,1.01,0.71,1.04,0.79
2017/4/21,,0,0,0,0
2017/4/22,,0,0,0,0
2017/4/23,,0,0,0,0
2017/4/24,,0,0,0,0
2017/4/25,,0,0,0,0
2017/4/26,,0.09,0.15,0.1,0.11
2017/4/27,,0.05,0.04,0.09,0.05
2017/4/28,,0,0,0,0
2017/4/29,,0,0,0,0
2017/4/30,,0.55,0.52,0.63,0.64
2017/5/1,,0.04,0.05,0.08,0.08
2017/5/2,,0.04,0.05,0.05,0.03
2017/5/3,,0,0,0,0
2017/5/4,,0.8,0.9,0.88,0.81
2017/5/5,,0.47,0.47,0.51,0.45
2017/5/6,,0,0,0,0
2017/5/7,,0,0,0,0
2017/5/8,,0,0,0,0
2017/5/9,,0,0,0,0
2017/5/10,,0,0,0,0
2017/5/11,,0.12,0.15,0.14,0.09
2017/5/12,,0,,0,0
2017/5/13,,0,,0,0
2017/5/14,,0,,0,0
2017/5/15,,0,,0,0
2017/5/16,,0.01,,0.08,0.01
2017/5/17,,0,,0,0
2017/5/18,,0.05,,0.08,0.05
2017/5/19,,0,,0,0.01
2017/5/20,,0.19,,0.21,0.2
2017/5/21,,1.17,,0.9,0.97
2017/5/22,,0,0,0,0
2017/5/23,,0.02,0.02,0.02,0.05
2017/5/24,,0.09,0.12,0.09,0.12
2017/5/25,,0.2,0.24,0.11,0.29
2017/5/26,,0,0,0.01,0
2017/5/27,,0,0,0,0
2017/5/28,,0.14,0.13,0.15,0.31
2017/5/29,,0.06,0.1,0.04,0.2
2017/5/30,,0.01,0.01,0.01,0
2017/5/31,,0.01,0,0,0.03
2017/6/1,,0,0,0,0
2017/6/2,,0,0,0,0
2017/6/3,,0,0,0,0
2017/6/4,,0,0,0,0
2017/6/5,,0,0,0,0
2017/6/6,,0,0,0,0
2017/6/7,,0,0,0,0
2017/6/8,,0,0,0,0
2017/6/9,,0,0.02,0.03,0.02
2017/6/10,,0,0,0,0
2017/6/11,,0,0,0,0
2017/6/12,,0,0,0,0
2017/6/13,,0,0,0,0
2017/6/14,,0,0,0,0
2017/6/15,,0,0.07,0,0
2017/6/16,,0,0,0,0
2017/6/17,,0,0,0,0
2017/6/18,,0.01,0.04,0.01,0.06
2017/6/19,,0.01,0.02,0.02,0.05
2017/6/20,,0.09,0.12,0.11,0.03
2017/6/21,,0,0,0.01,0
2017/6/22,,0.38,0.38,0.76,0.4
2017/6/23,,0.04,0.02,0.02,0.19
2017/6/24,,0,0,0,0
2017/6/25,,0,0.01,0,0
2017/6/26,,0,0.01,0,0.03
2017/6/27,,0,0,0,0
2017/6/28,,0,0,0,0
2017/6/29,,0,0.01,0,0
2017/6/30,,0.31,0.53,0.32,0.35
2017/7/1,,0.01,0.01,0.01,0
2017/7/2,,0.01,0.03,0.01,0.03
2017/7/3,,0.11,0.13,0.1,0.19
2017/7/4,,0,0,0,0
2017/7/5,,0,0,0,0
2017/7/6,,0,0,0,0
2017/7/7,,1.67,1.46,1.86,1.19
2017/7/8,,0.01,0.01,0,0
2017/7/9,,0,0,0,0
2017/7/10,,0.81,0.97,0.75,0.8
2017/7/11,,0.07,0.48,0.06,0.22
2017/7/12,,0.12,0.08,0.36,0.05
2017/7/13,,0.29,0.24,0.37,0.18
2017/7/14,,0,0,0,0
2017/7/15,,0,0,0,0
2017/7/16,,0,0,0,0
2017/7/17,,0,0,0,0
2017/7/18,,0,0,0,0
2017/7/19,,0,0,0,0
2017/7/20,,0,0,0,0
2017/7/21,,0,0,0,0
2017/7/22,,0.1,0.11,0.06,0.09
2017/7/23,,0,0,0,0
2017/7/24,,0,0,0,0
2017/7/25,,0,0,0,0
2017/7/26,,0,0,0,0
2017/7/27,,0,0,0,0
2017/7/28,,0,0,0,0
2017/7/29,,0,0,0,0
2017/7/30,,0,0,0,0
2017/7/31,,0,0,0,0
2017/8/1,,0,0,0,0
2017/8/2,,0.02,0.1,0,0
2017/8/3,,0.21,0.02,0.24,0.37
2017/8/4,,0.08,0.1,0.12,0.1
2017/8/5,,0,0,0,0
2017/8/6,,0,0.07,0,0
2017/8/7,,0,0,0,0
2017/8/8,,0,0,0,0
2017/8/9,,0,0,0,0
2017/8/10,,0,0,0,0
2017/8/11,,0.02,0.03,0.02,0.03
2017/8/12,,0,0.05,0,0.02
2017/8/13,,0,0,0,0
2017/8/14,,0,0,0,0
2017/8/15,,0.35,0.45,0.38,0.31
2017/8/16,,0,0,0,0
2017/8/17,,0.73,0.9,0.66,0.66
2017/8/18,,0,0,0,0
2017/8/19,,0,0,0,0
2017/8/20,,0,0,0,0
2017/8/21,,0,0,0,0
2017/8/22,,0.01,0.02,0.05,0.02
2017/8/23,,0,0,0,0
2017/8/24,,0,0,0,0
2017/8/25,,0,0,0,0
2017/8/26,,0,0,0,0
2017/8/27,,0,0,0,0
2017/8/28,,0.39,1.16,0.3,0.4
2017/8/29,,0.61,1.19,0.89,0.6
2017/8/30,,0,0.01,0.01,0
2017/8/31,,0,0.01,0,0
2017/9/1,,0,0,0,0
2017/9/2,,0,,0.02,0.01
2017/9/3,,0.01,,0,0.01
2017/9/4,,1.01,,1.13,0.42
2017/9/5,,0,0,0,0.03
2017/9/6,,0,0,0,0
2017/9/7,,0.36,0.51,0.21,0.22
2017/9/8,,0.01,0,0.01,0
2017/9/9,,0,0,0,0
2017/9/10,,0,0,0,0
2017/9/11,,0,0,0,0
2017/9/12,,0,0,0,0
2017/9/13,,0,0.03,0,0
2017/9/14,,0,0,0,0
2017/9/15,,0,0,0,0
2017/9/16,,0,0,0,0
2017/9/17,,0,0,0,0
2017/9/18,,0,0.01,0,0
2017/9/19,,0.02,0.07,0.07,0.04
2017/9/20,,0,0,0,0
2017/9/21,,0,0.06,0,0
2017/9/22,,0,0,0,0
2017/9/23,,0,0,0.01,0
2017/9/24,,0,0,0,0
2017/9/25,,0,0,0,0
2017/9/26,,0,0,0,0
2017/9/27,,0.01,0,0,0
2017/9/28,,0,0.01,0,0
2017/9/29,,0.01,0.03,0.01,0.04
2017/9/30,,0,0,0,0
2017/10/1,,0,0,0,0
2017/10/2,,0,0,0,0
2017/10/3,,0,0,0,0
2017/10/4,,0.01,0.02,0,0
2017/10/5,,0.04,0.03,0.05,0.03
2017/10/6,,0.43,0.51,0.46,0.52
2017/10/7,,0.34,0.33,0.35,0.25
2017/10/8,,0.11,0.03,0.12,0.09
2017/10/9,,0.13,0.03,0.23,0.16
2017/10/10,,0,0,0,0
2017/10/11,,1.47,1.49,1.34,1.47
2017/10/12,,0.03,0.05,0.05,0.03
2017/10/13,,0,0,0,0.01
2017/10/14,,0.66,0.79,0.76,0.58
2017/10/15,,0.03,0.05,0.06,0.09
2017/10/16,,0,0,0.01,0
2017/10/17,,0,0,0,0
2017/10/18,,0,0,0,0
2017/10/19,,0,0,0,0
2017/10/20,,0,0,0,0
2017/10/21,,0,0,0,0
2017/10/22,,0,0,0,0
2017/10/23,,0.72,0.16,0.98,0.73
2017/10/24,,0.29,,0.38,0.18
2017/10/25,,0.01,,0.08,0.01
2017/10/26,,0,,0,0
2017/10/27,,0.38,,0.48,0.38
2017/10/28,,0,,0.01,0
2017/10/29,,0,,0,0
2017/10/30,,0,,0.04,0.06
2017/10/31,,0,,0.01,0
2017/11/1,,0.19,,0.18,0.18
2017/11/2,,0.6,,0.59,0.81
2017/11/3,,0,,0.01,0
2017/11/4,,0.54,,0.51,0.51
2017/11/5,,0.21,,0.23,0.29
2017/11/6,,0,,0,0
2017/11/7,,0,,0,0
2017/11/8,,0,,0,0
2017/11/9,,0,,0,0
2017/11/10,,0,,0,0
2017/11/11,,0,,0,0
2017/11/12,,0.13,,0.15,0.19
2017/11/13,,0,,0,0.01
2017/11/14,,0,,0,0
2017/11/15,,0.24,,0.31,0.21
2017/11/16,,0,,0.01,0
2017/11/17,,0.13,,0.06,0.13
2017/11/18,,1.44,,1.55,1.49
2017/11/19,,0,,0,0
2017/11/20,,0,,0,0
2017/11/21,,0.02,,0.05,0.03
2017/11/22,,0,,0,0
2017/11/23,,0,,0,0
2017/11/24,,0,,0,0
2017/11/25,,0,,0,0
2017/11/26,,0,,0,0
2017/11/27,,0,,0,0
2017/11/28,,0,,0,0
2017/11/29,,0,,0,0
2017/11/30,,0.09,,0.1,0.1
2017/12/1,,0,,0,0
2017/12/2,,0,,0,0
2017/12/3,,0,,0,0
2017/12/4,,0,,0,0
2017/12/5,,0.01,,0.01,0.01
2017/12/6,,0,,0,0
2017/12/7,,0,,0,0
2017/12/8,,0,,0,0
2017/12/9,,0.02,,0.03,0.02
2017/12/10,,0,,0,0
2017/12/11,,0.17,,0.2,0.21
2017/12/12,,0,,0,0
2017/12/13,,0.2,,0.2,0.13
2017/12/14,,0,,0,0
2017/12/15,,0,,0,0
2017/12/16,,0,,0,0
2017/12/17,,0,,0,0
2017/12/18,,0,,0,0
2017/12/19,,0,,0,0
2017/12/20,,0,,0,0
2017/12/21,,0,,0,0
2017/12/22,,0,,0,0
2017/12/23,,0.01,,0.01,0.02
2017/12/24,,0.09,,0.05,0.14
2017/12/25,,0.01,,0.02,0
2017/12/26,,0,,0.01,0.01
2017/12/27,,0,,0,0
2017/12/28,,0,,0,0
2017/12/29,,0,,0,0
2017/12/30,,0,,0,0
2017/12/31,,0,,0,0
2018/1/1,,0,,0,0
2018/1/2,,0,,0,0
2018/1/3,,0,,0,0
2018/1/4,,0,,0,0
2018/1/5,,0,,0,0
2018/1/6,,0,,0,0
2018/1/7,,0,,0,0
2018/1/8,,0.11,,0.19,0.13
2018/1/9,,0,,0,0
2018/1/10,,0,,0,0
2018/1/11,,0.03,,0.03,0.03
2018/1/12,,0.2,,0.13,0.23
2018/1/13,,0,,0,0
2018/1/14,,0,,0,0
2018/1/15,,0,,0,0
2018/1/16,,0,,0,0
2018/1/17,,0,,0,0
2018/1/18,,0,,0,0
2018/1/19,,0,,0,0
2018/1/20,,0,,0,0
2018/1/21,,0,,0,0
2018/1/22,,0.32,,0.37,0.31
2018/1/23,,0.07,,0.07,0.05
2018/1/24,,0,,,0
2018/1/25,,0,,,0
2018/1/26,,0,,,0
2018/1/27,,0,,,0
2018/1/28,,0,,,0
2018/1/29,,0.01,,,0.03
2018/1/30,,0,,,0
2018/1/31,,0,0,,0
2018/2/1,,0,0,,0
2018/2/2,,0,0,,0
2018/2/3,,0,0,,0
2018/2/4,,0.07,0.11,,0.1
2018/2/5,,0.01,0.02,,0.02
2018/2/6,,0,0.01,,0.01
2018/2/7,,0.02,0.08,,0.03
2018/2/8,,0,0,,0
2018/2/9,,0.38,0.5,,0.34
2018/2/10,,0.03,0.08,,0.04
2018/2/11,,0.14,0.17,,0.13
2018/2/12,,0,0,,0
2018/2/13,,0,0,,0
2018/2/14,,0,0,,0
2018/2/15,,0.03,0.04,,0.03
2018/2/16,,0,0,,0
2018/2/17,,0,0,,0
2018/2/18,,0,0,,0
2018/2/19,,0.42,0.41,,0.5
2018/2/20,,1.3,1.31,,1.4
2018/2/21,,0.35,0.43,,0.39
2018/2/22,,0,0,,0
2018/2/23,,0.06,0.07,,0.08
2018/2/24,,0.01,0,,0
2018/2/25,,0.03,0.02,,0.02
2018/2/26,,0,0,,0
2018/2/27,,0,0,,0
2018/2/28,,0,0,,0
2018/3/1,,1.2,1.5,,1.31
2018/3/2,,0,0,,0
2018/3/3,,0,0,,0
2018/3/4,,0,0,,0
2018/3/5,,0,0,0,0
2018/3/6,,0.2,0.15,0.15,0.19
2018/3/7,,0.03,0.08,0.07,0.02
2018/3/8,,0,0,0,0
2018/3/9,,0,0,0,0
2018/3/10,,0,0,0,0
2018/3/11,,0,0,0,0
2018/3/12,,0.02,0.03,0.03,0.03
2018/3/13,,0,0,0,0
2018/3/14,,0,0,0,0
2018/3/15,,0,0,0,0
2018/3/16,,0,0,0,0
2018/3/17,,0,0,0,0
2018/3/18,,0,0,0,0
2018/3/19,,0,0,0,0
2018/3/20,,0,0,0,0
2018/3/21,,0,0,0,0
2018/3/22,,0,0,0,0
2018/3/23,,0,0,0,0
2018/3/24,,0,0,0,0
2018/3/25,,0,0,0,0
2018/3/26,,0,0,0,0
2018/3/27,,0.38,0.42,0.47,0.35
2018/3/28,,0,0,0,0
2018/3/29,,0.21,0.25,0.23,0.24
2018/3/30,,0,0,0,0
2018/3/31,,0.08,0.04,0.09,0.04
2018/4/1,,0,0,0,0
2018/4/2,,0,0,0,0
2018/4/3,,0.66,0.76,0.64,0.56
2018/4/4,,0,0,0,0
2018/4/5,,0,0,0,0
2018/4/6,,0.07,0.06,0.08,0.08
2018/4/7,,0,0,0,0
2018/4/8,,0,0,0,0
2018/4/9,,0.01,0.01,0.02,0
2018/4/10,,0,0,0,0
2018/4/11,,0,0,0,0
2018/4/12,,0.02,0.03,0.03,0.03
2018/4/13,,0,0,0,0
2018/4/14,,0.65,0.72,0.6,0.6
2018/4/15,,0.8,0.8,0.83,0.74
2018/4/16,,0,0.01,0,0.01
2018/4/17,,0,0,0.04,0.03
2018/4/18,,0,0.04,0.01,0
2018/4/19,,0,0,0,0
2018/4/20,,0,0,0,0
2018/4/21,,0,0,0,0
2018/4/22,,0,0,0,0
2018/4/23,,0,0,0,0
2018/4/24,,0.08,0.13,0.12,0.09
2018/4/25,,0.02,0.02,0.03,0.02
2018/4/26,,0,0,0,0
2018/4/27,,0,0.03,0,0
2018/4/28,,0.1,0.12,0.14,0.14
2018/4/29,,0,0,0,0
2018/4/30,,0,0,0,0
2018/5/1,,0,0,0,0
2018/5/2,,0.4,0.48,0.48,0.57
2018/5/3,,0.88,0.86,0.97,0.92
2018/5/4,,0.08,0.07,0.09,0.08
2018/5/5,,0,0,0,0
2018/5/6,,0,0,0,0
2018/5/7,,0,0,0,0
2018/5/8,,0,0,0,0
2018/5/9,,0.27,0.14,0.3,0.05
2018/5/10,,0.01,0.01,0.06,0
2018/5/11,,0.94,0.98,0.73,1.04
2018/5/12,,0.71,0.71,0.76,0.6
2018/5/13,,0.49,0.53,0.65,0.44
2018/5/14,,0.33,0.38,0.33,0.42
2018/5/15,,0.28,0.42,0.39,0.39
2018/5/16,,0,0,0,0
2018/5/17,,0,0,0,0
2018/5/18,,0,0,0,0
2018/5/19,,0.38,0.59,0.51,0.45
2018/5/20,,0,0,0,0
2018/5/21,,0.39,0.38,0.38,0.38
2018/5/22,,0.01,0.02,0,0.01
2018/5/23,,0,,0.01,0
2018/5/24,,0,,0,0
2018/5/25,,0,,0.03,0.09
2018/5/26,,0,,0,0
2018/5/27,,0,,0,0
2018/5/28,,0,,0,0
2018/5/29,,0,,0,0
2018/5/30,,0.38,,0.22,0.33
2018/5/31,,0.05,,0.03,0.05
2018/6/1,,0,,0.07,0
2018/6/2,,0,,0,0
2018/6/3,,0.39,,0.49,0.7
2018/6/4,,0.06,,0.06,0.07
2018/6/5,,0.05,,0.05,0.06
2018/6/6,,0,,0,0
2018/6/7,,0,,0,0
2018/6/8,,0,,0,0
2018/6/9,,0.45,,0.01,0.35
2018/6/10,,0,,0,0
2018/6/11,,0,,0,0
2018/6/12,,0,,0,0
2018/6/13,,0,,0,0
2018/6/14,,0,0,0,0
2018/6/15,,0,0,0,0
2018/6/16,,0.02,0.01,0.05,0.05
2018/6/17,,0,0,0,0
2018/6/18,,0.71,0.57,0.54,0.45
2018/6/19,,0.01,0,0,0
2018/6/20,,0.26,0.29,0.39,0.5
2018/6/21,,0,0.01,0,0
2018/6/22,,0.3,0.22,0.16,0.2
2018/6/23,,0,0.02,0.03,0
2018/6/24,,0,0.01,0,0.04
2018/6/25,,0,0,0,0
2018/6/26,,0,0,0,0
2018/6/27,,0.13,,0.18,0.21
2018/6/28,,0,,0,0
2018/6/29,,0,,0,0
2018/6/30,,0,,0,0
2018/7/1,,0.02,,0,0
2018/7/2,,0,0,0,0
2018/7/3,,0,0,0,0
2018/7/4,,0,0,0,0
2018/7/5,,0.02,0,0.09,0.05
2018/7/6,,0,0,0,0
2018/7/7,,0,0,0,0
2018/7/8,,0,0,0,0
2018/7/9,,0,0,0,0
2018/7/10,,0,0,0,0
2018/7/11,,0,0,0.01,0
2018/7/12,,0,0,0.01,0
2018/7/13,,0,0,0,0
2018/7/14,,0,0,0,0
2018/7/15,,0,0,0.02,0
2018/7/16,,0,0,0,0.05
2018/7/17,,0,0,0,0
2018/7/18,,0,,0,0
2018/7/19,,0,,0,0.06
2018/7/20,,0.05,,0.07,0.06
2018/7/21,,0.1,,0.01,0.05
2018/7/22,,0,,0,0.01
2018/7/23,,0,,0,0
2018/7/24,,0.15,,0.08,0.02
2018/7/25,,0,,0,0
2018/7/26,,0.04,,0.02,0.23
2018/7/27,,0.12,,0.08,0.11
2018/7/28,,0,,0,0
2018/7/29,,0,,0,0
2018/7/30,,0,0.01,0,0
2018/7/31,,1.36,1.37,1.43,1.46
2018/8/1,,0.36,0.28,0.57,0.17
2018/8/2,,0,0,0,0
2018/8/3,,0,0,0,0
2018/8/4,,0,0,0,0
2018/8/5,,0,0,0,0
2018/8/6,,0.91,0.77,0.87,0.74
2018/8/7,,0,0.01,0.01,0.04
2018/8/8,,0,0,0,0
2018/8/9,,0,0,0,0
2018/8/10,,0,0,0,0
2018/8/11,,0,0,0,0
2018/8/12,,0.2,0.06,0.29,0.16
2018/8/13,,0,0,0,0.01
2018/8/14,,0,0,0,0
2018/8/15,,0,0,0,0
2018/8/16,,0.24,0.07,0.29,0.05
2018/8/17,,0,0.02,0.01,0.01
2018/8/18,,0,0,0,0.09
2018/8/19,,0,0,0,0
2018/8/20,,0.04,0.03,0.07,0.09
2018/8/21,,0.29,0.14,0.88,0.44
2018/8/22,,0.01,0,0.14,0.01
2018/8/23,,0,0,0,0
2018/8/24,,0,0.01,0,0
2018/8/25,,0.1,0.17,0.14,0.14
2018/8/26,,0,0,0,0
2018/8/27,,0,0,0,0
2018/8/28,,0,0,0,0
2018/8/29,,0,0,0,0
2018/8/30,,0,0,0,0
2018/8/31,,0,0,0,0
2018/9/1,,0.45,0.53,0.42,0.82
2018/9/2,,0.01,0.03,0.02,0.02
2018/9/3,,0.6,0.77,0.88,1.28
2018/9/4,,0,0.01,0,0.01
2018/9/5,,0.85,0.4,1.32,0.75
2018/9/6,,0.09,0.1,0.12,0.06
2018/9/7,,0,0,0,0
2018/9/8,,0,0,0,0
2018/9/9,,0.02,0.03,0,0
2018/9/10,,0.08,0.12,0.03,0.1
2018/9/11,,0,0,0,0
2018/9/12,,0,0,0,0
2018/9/13,,0,0,0,0
2018/9/14,,0,0,0,0
2018/9/15,,0,0,0.01,0
2018/9/16,,0,0,0,0
2018/9/17,,0,0,0,0
2018/9/18,,0,0,0,0
2018/9/19,,0,0,0,0
2018/9/20,,0.04,0.1,0.11,0.25
2018/9/21,,0,0,0.01,0
2018/9/22,,0,0,0,0
2018/9/23,,0,0,0,0
2018/9/24,,0.17,0.17,0.32,0.21
2018/9/25,,0.41,0.5,0.48,0.7
2018/9/26,,0,0,0,0
2018/9/27,,0,0,0,0
2018/9/28,,0.03,0.06,0.06,0.04
2018/9/29,,0,0,0,0
2018/9/30,,0.09,0.1,0.12,0.06
2018/10/1,,0.15,0.16,0.33,0.07
2018/10/2,,0.23,0.25,0.33,0.3
2018/10/3,,0,0.01,0.02,0
2018/10/4,,0.03,0.03,0.03,0.03
2018/10/5,,0,0.01,0,0
2018/10/6,,1.45,1.23,1.67,1.7
2018/10/7,,0.01,0.03,0.02,0.02
2018/10/8,,0,0.01,0.01,0.01
2018/10/9,,0,0,0,0.01
2018/10/10,,0.07,0.12,0.07,0.05
2018/10/11,,0,0,0,0
2018/10/12,,0.09,0.16,0.16,0.13
2018/10/13,,0.01,0.01,0.03,0.01
2018/10/14,,0,0,0,0
2018/10/15,,0.01,0.01,0,0.01
2018/10/16,,0,0,0,0
2018/10/17,,0,0,0,0
2018/10/18,,0,0,0,0
2018/10/19,,0.01,0.03,0.03,0.01
2018/10/20,,0.39,0.41,0.38,0.52
2018/10/21,,0,0,0,0
2018/10/22,,0,0,0.02,0
2018/10/23,,0,0,0,0
2018/10/24,,0,0,0,0
2018/10/25,,0,0,0,0
2018/10/26,,0,0,0,0
2018/10/27,,0.03,0.04,0.05,
2018/10/28,,0.17,0.19,0.22,
2018/10/29,,0,0,0,
2018/10/30,,0,0,0,
2018/10/31,,0.5,0.51,0.61,
2018/11/1,,0.89,0.84,1,
2018/11/2,,0.2,0.23,0.21,
2018/11/3,,0,0,0,
2018/11/4,,0,0,0,
2018/11/5,,0.18,0.21,0.24,
2018/11/6,,0.29,0.38,0.34,
2018/11/7,,0,0,0,
2018/11/8,,0,0,0,
2018/11/9,,0.13,0.16,0.09,
2018/11/10,,0,0,0,
2018/11/11,,0,0,0.01,
2018/11/12,,0.04,0.08,0.04,
2018/11/13,,0.01,0.03,0.01,
2018/11/14,,0,0,0,
2018/11/15,,0.17,0.23,0.22,
2018/11/16,,0,0,0,
2018/11/17,,0,0,0,
2018/11/18,,0.05,0.08,0.07,
2018/11/19,,0,0,0,
2018/11/20,,0.01,0.04,0.03,
2018/11/21,,0,0,0,
2018/11/22,,0,0,0,
2018/11/23,,0,0,0,
2018/11/24,,0.21,0.27,0.3,
2018/11/25,,0,0,0,
2018/11/26,,0.31,0.45,0.16,
2018/11/27,,0,0,0,
2018/11/28,,0,0,0,
2018/11/29,,0,0,0,
2018/11/30,,0,0,0,
2018/12/1,,0.12,0.14,0.14,
2018/12/2,,0.11,0.13,0.14,
2018/12/3,,0,0,0,
2018/12/4,,0,0,0,
2018/12/5,,0,0,0,
2018/12/6,,0,0,0,
2018/12/7,,0,0,0,
2018/12/8,,0,0,0,
2018/12/9,,0,0,0,
2018/12/10,,0,0,0,
2018/12/11,,0,0,0,
2018/12/12,,0.04,0.05,0.05,
2018/12/13,,0,0,0,
2018/12/14,,0.08,0.12,0.12,
2018/12/15,,0,0,0,
2018/12/16,,0,0,0,
2018/12/17,,0,0,0,
2018/12/18,,0,0,0,
2018/12/19,,0,0,0,
2018/12/20,,0.12,0.16,0.17,
2018/12/21,,0.26,0.29,0.3,
2018/12/22,,0,0,0,
2018/12/23,,0,0,0,
2018/12/24,,0,0,0,
2018/12/25,,0,0,0,
2018/12/26,,0,0,0,
2018/12/27,,0.17,0.2,0.2,
2018/12/28,,0.01,0,0.01,
2018/12/29,,0.02,0.03,0.03,
2018/12/30,,0,0.01,0.01,
2018/12/31,,0.69,0.73,0.85,
2019/1/1,,0,0,0,
2019/1/2,,0,0,0,
2019/1/3,,0,0,0,
2019/1/4,,0,0,0,
2019/1/5,,0,0,0,
2019/1/6,,0,0,0,
2019/1/7,,0.03,0.03,0.04,
2019/1/8,,0.06,0.05,0.08,
2019/1/9,,0,0,0,
2019/1/10,,0,0,0,
2019/1/11,,0,0,0,
2019/1/12,,0,0,0,
2019/1/13,,0,0,0,
2019/1/14,,0,0,0,
2019/1/15,,0,0,0,
2019/1/16,,0,0,0,
2019/1/17,,0,0,0,
2019/1/18,,0,0,0,
2019/1/19,,0.11,0.25,0.03,
2019/1/20,,0,0,0,
2019/1/21,,0,0,0,
2019/1/22,,0.09,0.11,0.12,
2019/1/23,,0.21,0.22,0.3,
2019/1/24,,0,0,0,
2019/1/25,,0,0,0,
2019/1/26,,0.01,0.03,0.03,
2019/1/27,,0.03,0.05,0.05,
2019/1/28,,0.19,0.27,0.21,
2019/1/29,,0,0,0,
2019/1/30,,0,0,0,
2019/1/31,,0,0,0,
2019/2/1,,0,0,0,
2019/2/2,,0,0,0,
2019/2/3,,0,0,0,
2019/2/4,,0.12,0.14,0.14,
2019/2/5,,0,0.01,0,
2019/2/6,,0.29,0.29,0.35,
2019/2/7,,0.03,0.05,0.04,
2019/2/8,,0,0,0,
2019/2/9,,0,0,0,
2019/2/10,,0,0.02,0,
2019/2/11,,0,0,0,
2019/2/12,,0.38,0.38,0.43,
2019/2/13,,0,0,0.01,
2019/2/14,,0,0,0,
2019/2/15,,0,0,0,
2019/2/16,,0,0,0,
2019/2/17,,0.21,0.28,0.11,
2019/2/18,,0,0.01,0.01,
2019/2/19,,0,0,0,
2019/2/20,,0,0.02,0.01,
2019/2/21,,0,0,0,
2019/2/22,,0,0,0,
2019/2/23,,0.02,0.03,0.04,
2019/2/24,,0.18,0.2,0.26,
2019/2/25,,0,0,0,
2019/2/26,,0,0,0,
2019/2/27,,0.04,0.06,0.04,
2019/2/28,,0,0,0,
2019/3/1,,0,0,0,
2019/3/2,,0,0,0,
2019/3/3,,0,0,0,
2019/3/4,,0,0,0,
2019/3/5,,0,0,0,
2019/3/6,,0,0,0,
2019/3/7,,0,0,0,
2019/3/8,,0,0,0,
2019/3/9,,0.52,0.58,0.61,
2019/3/10,,0.02,0,0.03,
2019/3/11,,0,0,0,
2019/3/12,,0,0,0,
2019/3/13,,0.01,0.02,0.01,
2019/3/14,,0.38,0.4,0.45,
2019/3/15,,0.07,0.08,0.12,
2019/3/16,,0,0,0,
2019/3/17,,0,0,0,
2019/3/18,,0,0,0,
2019/3/19,,0,0,0,
2019/3/20,,0.05,0.06,0.07,
2019/3/21,,0,0,0,
2019/3/22,,0,0,0,
2019/3/23,,0,0,0,
2019/3/24,,0,0,0,
2019/3/25,,0,0,0,
2019/3/26,,0,0,0,
2019/3/27,,0,0,0,
2019/3/28,,0,0.02,0.01,
2019/3/29,,0.01,0.02,0.02,
2019/3/30,,0.94,1.13,1.05,
2019/3/31,,0,0,0,
2019/4/1,,0,0,0,
2019/4/2,,0,0,0,
2019/4/3,,0,0,0,
2019/4/4,,0,0,0,
2019/4/5,,0,0,0,
2019/4/6,,0,0,0,
2019/4/7,,0,0,0,
2019/4/8,,0,0,0,
2019/4/9,,0,0,0,
2019/4/10,,0,0,0,
2019/4/11,,0,0.01,0,
2019/4/12,,0.19,0.22,0.26,
2019/4/13,,0,0,0,
2019/4/14,,0.4,0.45,0.43,
2019/4/15,,0,0,0,
2019/4/16,,0,0,0,
2019/4/17,,0.03,0.05,0.05,
2019/4/18,,0.33,0.34,0.41,
2019/4/19,,0.29,0.35,0.35,
2019/4/20,,0.75,0.8,0.87,
2019/4/21,,0,0,0.01,
2019/4/22,,0,0,0.01,
2019/4/23,,0,,0,
2019/4/24,,0,,0,
2019/4/25,,0.38,,0.44,
2019/4/26,,0.62,,0.75,
2019/4/27,,0.27,,0.33,
2019/4/28,,0.03,,0.05,
2019/4/29,,0.34,,0.42,
2019/4/30,,1,,1.28,
2019/5/1,,0.25,,0.31,
2019/5/2,,0.04,0.05,0.08,0.06
2019/5/3,,0.09,0.08,0.1,0.07
2019/5/4,,0,0,0,0
2019/5/5,,0,0,0.01,0
2019/5/6,,0.03,0.04,0.05,0.05
2019/5/7,,0.39,0.54,0.44,0.28
2019/5/8,,0,0,0,0
2019/5/9,,0.06,0.07,0.15,0.03
2019/5/10,,0.01,0,0.02,0.01
2019/5/11,,0,0.01,0,0.01
2019/5/12,,0.02,0.02,0.03,0.01
2019/5/13,,0.02,0.02,0.02,0.04
2019/5/14,,0,0,0,0
2019/5/15,,0,0,0,0
2019/5/16,,0,0,0,0
2019/5/17,,0.04,0.04,0.02,0.04
2019/5/18,,0.52,0.55,0.57,0.33
2019/5/19,,0.45,0.37,0.67,0.4
2019/5/20,,0,0,0,0
2019/5/21,,0,0,0,0
2019/5/22,,0.27,0.22,0.38,0.28
2019/5/23,,0.18,0.13,0.15,0.14
2019/5/24,,0,0,0.01,0
2019/5/25,,0.16,0.14,0.02,0.1
2019/5/26,,0.01,0.03,0.02,0.03
2019/5/27,,0.12,0.09,0.01,0.1
2019/5/28,,0.01,0.02,0.02,0
2019/5/29,,0.35,0.2,0.02,0.14
2019/5/30,,0.25,0.02,0.02,0.51
2019/5/31,,0,0.02,0.02,0
2019/6/1,,0.94,0.01,0.02,1.07
2019/6/2,,0.01,0.01,0.17,0
2019/6/3,,0,0,0.06,0
2019/6/4,,0,0.01,0.05,0
2019/6/5,,0.16,0,0.05,0.13
2019/6/6,,0,0.01,0.04,0
2019/6/7,,0,0.01,0.04,0
2019/6/8,,0,0.01,0.03,0
2019/6/9,,0.5,0.29,0.03,0.47
2019/6/10,,0.66,0.33,0.05,1.1
2019/6/11,,0,0.09,0.04,0
2019/6/12,,0.89,0.06,0.03,0.78
2019/6/13,,0.7,0.03,0.04,0.51
2019/6/14,,0,0.01,0.04,0
2019/6/15,,0,0,0.04,0.01
2019/6/16,,0.43,0.46,0.03,0.52
2019/6/17,,0,0.01,0.04,0.01
2019/6/18,,0,0,1.84,0
2019/6/19,,0,0,0,0
2019/6/20,,0.49,0.64,0.63,0.64
2019/6/21,,0,0,0,0
2019/6/22,,0,0,0,0
2019/6/23,,0,0.01,0,0
2019/6/24,,0.1,0.2,0.1,0.11
2019/6/25,,0,0,0,0.01
2019/6/26,,0,0,0,0
2019/6/27,,0,0.01,0,0.02
2019/6/28,,0,0,0,0
2019/6/29,,0,0,0.01,0
2019/6/30,,0,0,0,0
2019/7/1,,0,0,0,0
2019/7/2,,0.14,0.19,0.09,0.11
2019/7/3,,0,0,0,0.01
2019/7/4,,0.97,0.44,0.73,1.2
2019/7/5,,0,0.1,0.01,0.08
2019/7/6,,0.73,0.63,0.28,0.7
2019/7/7,,0,0,0.01,0
2019/7/8,,0,0,0,0
2019/7/9,,0,0,0,0
2019/7/10,,0,0,0,0
2019/7/11,,0,0,0,0
2019/7/12,,0,0,0,0
2019/7/13,,0,0,0,0
2019/7/14,,0,0,0,0
2019/7/15,,0,0,0,0.01
2019/7/16,,1.31,0.81,1.38,0.82
2019/7/17,,0.01,0.01,0,0.03
2019/7/18,,0.4,0.18,0.38,0.09
2019/7/19,,0.99,0.53,1.63,0.48
2019/7/20,,0.15,0.2,0.45,0.03
2019/7/21,,0.38,0.48,0.33,0.21
2019/7/22,,0.01,0.01,0.01,0.01
2019/7/23,,0.02,0.03,0.02,0.04
2019/7/24,,0.01,0.01,0.01,0.01
2019/7/25,,0,0,0,0
2019/7/26,,0,0,0,0
2019/7/27,,0,0,0,
2019/7/28,,0,0,0,
2019/7/29,,0.19,0.54,0.23,
2019/7/30,,0,0,0,
2019/7/31,,0,0,0,
2019/8/1,,0,0,0,
2019/8/2,,0,0,0,
2019/8/3,,0,0,0,
2019/8/4,,0,0,0,
2019/8/5,,0,0,0,
2019/8/6,,0.16,0.15,0.12,
2019/8/7,,0.01,0.01,0.02,
2019/8/8,,0,0.01,0,
2019/8/9,,0,0,0,
2019/8/10,,0,0,0,
2019/8/11,,0,,0,
2019/8/12,,0,,0,
2019/8/13,,0,,0,
2019/8/14,,0,,0,
2019/8/15,,0.14,,0.99,
2019/8/16,,0,,0,
2019/8/17,,0.14,,0.13,
2019/8/18,,0.28,,0.38,
2019/8/19,,0,0,0,
2019/8/20,,0,0.01,0,
2019/8/21,,0,0,0.25,
2019/8/22,,0,0,0,
2019/8/23,,0,0,0,
2019/8/24,,0,0,0,
2019/8/25,,0,0,0,
2019/8/26,,0.4,0.36,0.61,
2019/8/27,,0.05,0.03,0.06,
2019/8/28,,0,0,0,
2019/8/29,,0.04,0.04,0.01,
2019/8/30,,0,0,0.01,
2019/8/31,,0,0,0,
2019/9/1,,0.18,0.23,0.2,
2019/9/2,,0.06,0,0.01,
2019/9/3,,0.38,0.48,0.49,
2019/9/4,,0,0,0.01,
2019/9/5,,0,0,0,
2019/9/6,,0,0,0,
2019/9/7,,0,0,0.03,
2019/9/8,,0,0,0,
2019/9/9,,0,0,0,
2019/9/10,,0,0,0,
2019/9/11,,1.12,1.29,1.43,
2019/9/12,,0.1,0.13,0.11,
2019/9/13,,0.38,0.4,0.42,
2019/9/14,,0,0,0,
2019/9/15,,0.04,0.03,0.04,
2019/9/16,,0,0,0.01,
2019/9/17,,0,0,0,
2019/9/18,,0,0,0,
2019/9/19,,0,0,0,
2019/9/20,,0,0,0,
2019/9/21,,0.31,0.46,0.5,
2019/9/22,,0,0.01,0,
2019/9/23,,0.02,0.01,0.03,
2019/9/24,,0,0,0,
2019/9/25,,0,0,0,
2019/9/26,,0,0,0,
2019/9/27,,0.42,0.54,0.49,
2019/9/28,,0.47,0.45,0.52,
2019/9/29,,0.21,0.2,0.26,
2019/9/30,,0.08,0.13,0.07,
2019/10/1,,0,0,0,
2019/10/2,,0.5,0.44,0.39,
2019/10/3,,0.62,0.59,0.59,
2019/10/4,,0,0,0,
2019/10/5,,0,0.01,0,
2019/10/6,,0.03,0.02,0.04,
2019/10/7,,0,0,0.01,
2019/10/8,,0,0,0,
2019/10/9,,0,0,0,
2019/10/10,,0,0,0,
2019/10/11,,0.42,0.61,0.37,
2019/10/12,,0.05,0.05,0.09,
2019/10/13,,0,0,0,
2019/10/14,,0,0,0,
2019/10/15,,0,0,0,
2019/10/16,,0.12,0.2,0.11,
2019/10/17,,0,0,0,
2019/10/18,,0,0,0,
2019/10/19,,0,0,0,
2019/10/20,,0,0,0,
2019/10/21,,0.22,0.24,0.25,
2019/10/22,,0.06,0.12,0.09,
2019/10/23,,0,0,0,
2019/10/24,,0,0,0,
2019/10/25,,0,0,0,
2019/10/26,,1.28,1.21,1.45,
2019/10/27,,0.06,0.09,0.05,
2019/10/28,,0,0,0,
2019/10/29,,0,0,0,
2019/10/30,,0.28,0.4,0.32,
2019/10/31,,0.82,0.89,0.89,
2019/11/1,,0,0.02,0.01,
2019/11/2,,0.02,0.03,0,
2019/11/3,,0,0.01,0,
2019/11/4,,0.01,0.02,0.02,
2019/11/5,,0,0,0,
2019/11/6,,0,0,0,
2019/11/7,,0,0.01,0,
2019/11/8,,0,0,0,
2019/11/9,,0,0,0,
2019/11/10,,0,0.01,0,
2019/11/11,,0.35,0,0.12,
2019/11/12,,0,0,0,
2019/11/13,,0,0,0,
2019/11/14,,0,0,0,
2019/11/15,,0,0,0,
2019/11/16,,0,0,0,
2019/11/17,,0,0.16,0.01,
2019/11/18,,0,0.31,0,
2019/11/19,,0,0,0,
2019/11/20,,0,0,0,
2019/11/21,,0.09,0.08,0.09,
2019/11/22,,0,0,0,
2019/11/23,,0,0,0,
2019/11/24,,0,0.01,0.01,
2019/11/25,,0,0.01,0,
2019/11/26,,0.12,0.15,0.1,
2019/11/27,,0.7,0.71,0.69,
2019/11/28,,0,0,0,
2019/11/29,,0,0,0,
2019/11/30,,0,0,0,
2019/12/1,,0.26,0.42,0.3,
2019/12/2,,0,0,0,
2019/12/3,,0,0,0,
2019/12/4,,0,0,0,
2019/12/5,,0,0,0,
2019/12/6,,0,0,0,
2019/12/7,,0,0,0,
2019/12/8,,0,0,0,
2019/12/9,,0.32,0.28,0.37,
2019/12/10,,0,0,0.01,
2019/12/11,,0,0,0,
2019/12/12,,0,0.01,0,
2019/12/13,,0,0,0,
2019/12/14,,0,0,0,
2019/12/15,,0,0,0,
2019/12/16,,0,0,0,
2019/12/17,,0,0,0,
2019/12/18,,0,0,0,
2019/12/19,,0,0,0,
2019/12/20,,0,0.02,0,
2019/12/21,,0,0,0,
2019/12/22,,0,0,0,
2019/12/23,,0,0,0,
2019/12/24,,0,0,0,
2019/12/25,,0,0,0,
2019/12/26,,0,0,0,
2019/12/27,,0,0,0,
2019/12/28,,0,0,0,
2019/12/29,,0.86,0.97,1.02,
2019/12/30,,0.6,0.62,0.56,
2019/12/31,,0,0,0.02,
2020/1/1,,0,0.04,0,
2020/1/2,,0,0,0,
2020/1/3,,0,0,0,
2020/1/4,,0,0.01,0,
2020/1/5,,0,0,0,
2020/1/6,,0,0,0,
2020/1/7,,0,0,0.02,
2020/1/8,,0,0,0.02,
2020/1/9,,0.02,0.02,0.01,
2020/1/10,,0.19,0.2,0.21,
2020/1/11,,2.08,1.97,2.04,
2020/1/12,,0.04,0.01,0.03,
2020/1/13,,0,0.01,0,
2020/1/14,,0,0,0,
2020/1/15,,0,0.01,0,
2020/1/16,,0,0,0,
2020/1/17,,0.02,0,0.02,0.01
2020/1/18,,0.62,0.25,0.63,0.46
2020/1/19,,0,0,0,0
2020/1/20,,0,0,0,0
2020/1/21,,0,0.01,0,0
2020/1/22,,0,0,0,0
2020/1/23,,0,0.05,0,0
2020/1/24,,0.37,0.67,0.36,0.32
2020/1/25,,0.04,0.05,0.06,0.06
2020/1/26,,0,0.06,0.01,0
2020/1/27,,0,0,0,0
2020/1/28,,0,0,0,0
2020/1/29,,0,0,0,0
2020/1/30,,0,0,0,0
2020/1/31,,0,0,0,0
2020/2/1,,0.01,0.02,0.02,0.01
2020/2/2,,0,0.02,0,0
2020/2/3,,0,0,0,0
2020/2/4,,0,0,0,0
2020/2/5,,0.01,0,0,0.02
2020/2/6,,0.01,0,0,0.01
2020/2/7,,0,0.07,0,0.01
2020/2/8,,0,0.04,0.03,0
2020/2/9,,0.11,0,0.13,0.09
2020/2/10,,0,0.08,0,0
2020/2/11,,0,0.08,0,0
2020/2/12,,0.01,0,0.03,0.02
2020/2/13,,0.03,0.02,0.05,0.03
2020/2/14,,0,0,0,0
2020/2/15,,0,0,0,0
2020/2/16,,0,0.01,0,0
2020/2/17,,0.02,0,0.03,0.01
2020/2/18,,0,0.06,0,0
2020/2/19,,0,0,0,0
2020/2/20,,0,0,0,0
2020/2/21,,0,0,0,0
2020/2/22,,0,0,0,0
2020/2/23,,0,0,0,0
2020/2/24,,0.01,0.04,0.02,0.02
2020/2/25,,0.01,0.02,0,0.03
2020/2/26,,0.1,0,0.01,0.22
2020/2/27,,0,0,0,0
2020/2/28,,0,0,0,0
2020/2/29,,0,0.14,0,0
2020/3/1,,0,0.1,0,0
2020/3/2,,0.04,0.07,0.06,0.07
2020/3/3,,0,0,0,0
2020/3/4,,0,0,0,0
2020/3/5,,0.01,0.02,0.01,0.03
2020/3/6,,0.01,0.04,0.04,0.02
2020/3/7,,0,0,0,0
2020/3/8,,0,0,0,0
2020/3/9,,0.11,0.07,0.12,0.08
2020/3/10,,0.1,0.06,0.12,0.12
2020/3/11,,0,0.01,0,0
2020/3/12,,0,0,0,0
2020/3/13,,0,0.01,0,0
2020/3/14,,0,0,0,0
2020/3/15,,0,0,0,0
2020/3/16,,0,0,0,0
2020/3/17,,0,0,0,0
2020/3/18,,0.41,0.41,0.44,0.41
2020/3/19,,0.46,0.34,0.49,0.36
2020/3/20,,0,0.02,0.01,0
2020/3/21,,0,0,0,0
2020/3/22,,0.04,0,0.04,0.04
2020/3/23,,0.1,0.21,0.11,0.07
2020/3/24,,0,0,0,0
2020/3/25,,0,0,0,0
2020/3/26,,0.21,0.21,0.23,0.21
2020/3/27,,0.11,0.11,0.12,0.13
2020/3/28,,2,1.9,2.04,1.83
2020/3/29,,0.05,0.04,0.11,0.09
2020/3/30,,0,0,0,0
2020/3/31,,0,0.02,0,0
2020/4/1,,0,0.01,0,0
2020/4/2,,0,0,0,0
2020/4/3,,0,0,0,0
2020/4/4,,0.03,0.04,0.05,0.02
2020/4/5,,0,0,0,0
2020/4/6,,0,0,0,0
2020/4/7,,0.81,1.06,0.81,0.82
2020/4/8,,0.06,0.08,0.07,0.07
2020/4/9,,0.02,0.01,0.02,0.03
2020/4/10,,0,0.01,0,0
2020/4/11,,0,0,0,0
2020/4/12,,0.11,0.13,0.13,0.13
2020/4/13,,0.03,0.03,0.07,0.06
2020/4/14,,0,0,0,0
2020/4/15,,0.01,0.06,0.06,0.04
2020/4/16,,0,0,0,0
2020/4/17,,0.19,0.26,0.26,0.2
2020/4/18,,0,0,0,0
2020/4/19,,0,0,0,0
2020/4/20,,0.04,0.05,0.05,0.07
2020/4/21,,0.03,0.03,0.02,0.02
2020/4/22,,0.07,0.12,0.12,0.07
2020/4/23,,0.05,0.07,0.12,0.05
2020/4/24,,0,0,0,0
2020/4/25,,0,0,0,0
2020/4/26,,0,0,0.01,0
2020/4/27,,0,0.02,0.02,0.01
2020/4/28,,0.01,0.01,0.01,0.01
2020/4/29,,0.17,0.15,0.22,0.2
2020/4/30,,0.25,0.29,0.28,0.25
2020/5/1,,0,0.01,0,0
2020/5/2,,0,0,0,0
2020/5/3,,0,0,0,0
2020/5/4,,0,0,0.01,0
2020/5/5,,0,0,0,0
2020/5/6,,0,0,0,0
2020/5/7,,0,0,0,0
2020/5/8,,0,0,0,0
2020/5/9,,0,0,0,0
2020/5/10,,0.47,0.49,0.49,0.35
2020/5/11,,0.01,0.03,0.02,0.02
2020/5/12,,0,0,0,0
2020/5/13,,0,0,0,0
2020/5/14,,0.45,0.45,0.51,0.4
2020/5/15,,0.66,0.68,0.75,0.69
2020/5/16,,0,0,0,0
2020/5/17,,0.33,0.27,0.28,0.34
2020/5/18,,2.05,2.5,1.73,1.85
2020/5/19,,0.01,0.03,0.01,0.04
2020/5/20,,0,0,0,0
2020/5/21,,0,0,0,0
2020/5/22,,0.01,0.02,0.04,0.03
2020/5/23,,0,0,0,0
2020/5/24,,0,0,0,0
2020/5/25,,0,0,0,0
2020/5/26,,0,0,0.02,0
2020/5/27,,0.04,0.21,0,0.06
2020/5/28,,0.18,0.31,0.1,0.16
2020/5/29,,0.03,0.01,0.02,0.03
2020/5/30,,0,0,0,0
2020/5/31,,0,0,0.01,0
2020/6/1,,0.07,0.07,0.1,0.09
2020/6/2,,0,0,0,0
2020/6/3,,0,0,0,0
2020/6/4,,0,0,0,0
2020/6/5,,0,0,0,0
2020/6/6,,0,0,0,0
2020/6/7,,0,0,0,0
2020/6/8,,0,0,0,0
2020/6/9,,0,0,0,0
2020/6/10,,0.77,0.75,0.77,0.68
2020/6/11,,0.02,0.03,0.01,0.02
2020/6/12,,0,0,0,0
2020/6/13,,0,0,0,0
2020/6/14,,0,0,0,0
2020/6/15,,0,0,0,0
2020/6/16,,0,0,0,0
2020/6/17,,0,0,0,0
2020/6/18,,0,0,0,0
2020/6/19,,0,0,0,0
2020/6/20,,0,0,0,0
2020/6/21,,0,0,0,0
2020/6/22,,0.01,0.03,0.02,0.02
2020/6/23,,0.18,0.19,0.23,0.22
2020/6/24,,0.13,0.23,0,0.27
2020/6/25,,0,0,0,0.01
2020/6/26,,1.11,0.48,1.46,0.94
2020/6/27,,0.6,1.02,0.69,0.45
2020/6/28,,0,0.01,0,0
2020/6/29,,0,0,0,0
2020/6/30,,0,0,0,0
2020/7/1,,0,0,0,0
2020/7/2,,0,0,0,0
2020/7/3,,0,0,0,0
2020/7/4,,0,0,0,0
2020/7/5,,0,0,0,0
2020/7/6,,0,0,0,0
2020/7/7,,0,0,0,0
2020/7/8,,0.65,0.48,1.03,0.71
2020/7/9,,0,0.02,0,0
2020/7/10,,1.68,0.01,1.57,1.54
2020/7/11,,0,0.03,0.01,0
2020/7/12,,0,0.01,0,0
2020/7/13,,0,0.02,0,0
2020/7/14,,0,0.02,0.01,0
2020/7/15,,0.02,0.12,0.01,0.01
2020/7/16,,0.64,0.6,0.76,0.65
2020/7/17,,0,0,0,0.01
2020/7/18,,0,0,0,0
2020/7/19,,1.05,1.02,1,1.01
2020/7/20,,0,0,0,0
2020/7/21,,0,0,0,0
2020/7/22,,0,0,0,0
2020/7/23,,0,0,0,0
2020/7/24,,0,0,0,0
2020/7/25,,0,0,0.01,0
2020/7/26,,0,0,0,0
2020/7/27,,0,0,0,0
2020/7/28,,0,0,0,0
2020/7/29,,0.26,0.22,0.77,0.08
2020/7/30,,0,0,0,0
2020/7/31,,0,0,0.01,0
2020/8/1,,0.05,0.08,0.07,0.07
2020/8/2,,0.66,0.65,0.65,0.74
2020/8/3,,0,0,0,0
2020/8/4,,0.02,0.1,0.02,0.01
2020/8/5,,0,0.01,0.01,0.01
2020/8/6,,0,0,0,0
2020/8/7,,0,0,0.01,0
2020/8/8,,0,0,0,0
2020/8/9,,0,0,0,0
2020/8/10,,0,0,0,0
2020/8/11,,0,0,0,0
2020/8/12,,0,0,0,0
2020/8/13,,0,0,0,0
2020/8/14,,0,0,1.19,0
2020/8/15,,0.06,0.01,0,0.01
2020/8/16,,0,0.01,0,0.02
2020/8/17,,0,0,0,0
2020/8/18,,0,0,0,0
2020/8/19,,0,0,0,0
2020/8/20,,0,0,0,0
2020/8/21,,0,0,0,0
2020/8/22,,0,0,0,0
2020/8/23,,0,0,0,0
2020/8/24,,0,0,0,0
2020/8/25,,0,0,0,0
2020/8/26,,0.07,0.06,0.27,0.06
2020/8/27,,0,0,0,0
2020/8/28,,1.37,1.29,1.32,1.04
2020/8/29,,0.78,0.67,0.65,0.7
2020/8/30,,0,0,0,0
2020/8/31,,0,0,0,0
2020/9/1,,0.13,0.07,0.29,0.3
2020/9/2,,0,0.01,0.02,0
2020/9/3,,0,0,0,0
2020/9/4,,0.03,0,0,0
2020/9/5,,0,0,0,0
2020/9/6,,0,0,0,0
2020/9/7,,0.16,0.1,0.21,0.22
2020/9/8,,1.34,1.23,1.32,1.12
2020/9/9,,0,0.01,0,0.01
2020/9/10,,0,0,0,0
2020/9/11,,0,0,0,0
2020/9/12,,0,0,0,0
2020/9/13,,0.26,0.27,0.33,0.32
2020/9/14,,0,0,0,0
2020/9/15,,0,0,0,0
2020/9/16,,0,0.01,0.01,0.02
2020/9/17,,0,0,0,0
2020/9/18,,0,0,0,0
2020/9/19,,0,0,0,0
2020/9/20,,0,0,0,0
2020/9/21,,0,0,0,0
2020/9/22,,0,0,0,0
2020/9/23,,0,0,0,0
2020/9/24,,0,0,0,0
2020/9/25,,0,0,0,0
2020/9/26,,0,0,0,0
2020/9/27,,0,0,0.01,0.02
2020/9/28,,0.12,0.14,0.14,0.13
2020/9/29,,0,0,0.01,0
2020/9/30,,0.2,0.16,0.25,0.23
2020/10/1,,0.13,0.04,0.1,0.09
2020/10/2,,0,0,0,0
2020/10/3,,0,0,0,0
2020/10/4,,0.05,0.09,0.12,0.08
2020/10/5,,0,0,0,0
2020/10/6,,0,0,0,0
2020/10/7,,0,0,0,0
2020/10/8,,0,0,0,0
2020/10/9,,0,0,0,0
2020/10/10,,0,0,0,0
2020/10/11,,0,0,0,0
2020/10/12,,0.3,0.21,0.33,0.29
2020/10/13,,0,0,0,0
2020/10/14,,0,0,0,0
2020/10/15,,0,0.02,0.02,0.02
2020/10/16,,0,0,0,0
2020/10/17,,0,0,0,0
2020/10/18,,0.16,0.19,0.18,0.15
2020/10/19,,0.1,0.15,0.13,0.14
2020/10/20,,0.05,0.02,0.03,0.03
2020/10/21,,0.2,0.17,0.22,0.3
2020/10/22,,0.34,0.31,0.35,0.37
2020/10/23,,0.3,0.07,0.36,0.43
2020/10/24,,0,0,0,0
2020/10/25,,0,0,0,0
2020/10/26,,0,0.01,0,0
2020/10/27,,0.1,0.13,0.12,0.1
2020/10/28,,0,0,0,0
2020/10/29,,0,0,0,0
2020/10/30,,0,0,0,0
2020/10/31,,0,0,0,0
2020/11/1,,0.03,0.03,0.07,0.03
2020/11/2,,0,0,0,0
2020/11/3,,0,0,0,0
2020/11/4,,0,0,0,0
2020/11/5,,0,0,0,0
2020/11/6,,0,0,0,0
2020/11/7,,0,0,0,0
2020/11/8,,0,0,0,0
2020/11/9,,0,0,0,0
2020/11/10,,0.11,0.08,0.11,0.09
2020/11/11,,0.01,0.02,0.01,0.01
2020/11/12,,0,0,0,0
2020/11/13,,0,0.01,0,0
2020/11/14,,0.01,0.04,0.02,0.01
2020/11/15,,0.66,0.64,0.71,0.55
2020/11/16,,0,0,0,0
2020/11/17,,0,0,0,0
2020/11/18,,0.06,0.07,0.12,0.02
2020/11/19,,0,0,0,0
2020/11/20,,0,0,0,0
2020/11/21,,0,0,0,0
2020/11/22,,0.33,0.18,0.26,0.33
2020/11/23,,0.01,0.27,0,0.02
2020/11/24,,0.14,0.19,0.15,0.13
2020/11/25,,0.27,0.35,0.29,0.23
2020/11/26,,0.01,0.02,0.01,0.02
2020/11/27,,0,0,0,0
2020/11/28,,0,0,0,0
2020/11/29,,0,0,0,0
2020/11/30,,0.02,0.09,0.03,0.1
2020/12/1,,0,0.01,0,0.01
2020/12/2,,0,0.17,0,0
2020/12/3,,0,0,0,0
2020/12/4,,0,0,0,0
2020/12/5,,0,0,0,0
2020/12/6,,0,0,0,0
2020/12/7,,0,0,0,0
2020/12/8,,0,0,0,0
2020/12/9,,0,0,0,0
2020/12/10,,0,0,0,0
2020/12/11,,0,0.01,0.01,0.01
2020/12/12,,0.53,0.54,0.6,0.47
2020/12/13,,0,0,0,0
2020/12/14,,0,0,0,0
2020/12/15,,0,0,0,0
2020/12/16,,0,0,0,0
2020/12/17,,0,0,0,0
2020/12/18,,0,0,0,0
2020/12/19,,0,0.01,0,0
2020/12/20,,0,0.01,0,0
2020/12/21,,0,0.03,0.03,0.02
2020/12/22,,0,0,0,0.01
2020/12/23,,0.02,0.01,0.06,0.03
2020/12/24,,0.04,0.02,0.04,0.01
2020/12/25,,0,0,0,0.01
2020/12/26,,0,0,0,0
2020/12/27,,0.02,0.12,0.04,0.03
2020/12/28,,0.03,0.03,0.04,0.03
2020/12/29,,0.01,0,0.03,0.02
2020/12/30,,0.04,0.03,0.1,0.05
2020/12/31,,0,0,0,0
2021/1/1,,0.13,0,0.15,0.13
2021/1/2,,0.01,0.01,0.02,0.03
2021/1/3,,0.17,0,0.16,0.2
2021/1/4,,0,0.01,0,0
2021/1/5,,0,0.03,0,0
2021/1/6,,0,0.16,0,0
2021/1/7,,0,0.02,0,0
2021/1/8,,0,0.01,0,0
2021/1/9,,0,0.01,0,0
2021/1/10,,0,0,0,0
2021/1/11,,0,0,0,0
2021/1/12,,0,0,0,0
2021/1/13,,0,0,0,0
2021/1/14,,0,0.02,0,0.01
2021/1/15,,0.27,0.28,0.34,0.33
2021/1/16,,0,0,0,0
2021/1/17,,0,0.07,0,0
2021/1/18,,0,0.04,0,0
2021/1/19,,0,0,0,0
2021/1/20,,0,0,0.01,0.01
2021/1/21,,0,0.02,0,0
2021/1/22,,0,0.06,0,0.06
2021/1/23,,0,0,0,0
2021/1/24,,0,0,0,0
2021/1/25,,0,0.01,0,0
2021/1/26,,0.06,0.01,0.05,0.06
2021/1/27,,0,0,0,0
2021/1/28,,0,0,0,0
2021/1/29,,0,0,0,0
2021/1/30,,0,0,0,0
2021/1/31,,0.01,0,0.01,0
2021/2/1,,0,0,0,0
2021/2/2,,0,0,0,0
2021/2/3,,0,0.02,0,0
2021/2/4,,0.17,0.01,0.25,0.19
2021/2/5,,0.01,0,0.01,0
2021/2/6,,0,0,0,0.01
2021/2/7,,0,0,0.01,0
2021/2/8,,0,0,0.01,0.01
2021/2/9,,0,0,0,0
2021/2/10,,0,0,0,0
2021/2/11,,0,0.01,0,0
2021/2/12,,0,0,0,0
2021/2/13,,0,0,0,0
2021/2/14,,0,0,0,0
2021/2/15,,0.03,0,0,0.18
2021/2/16,,0.03,0,0.01,0.08
2021/2/17,,0,0,0,0
2021/2/18,,0,0,0,0
2021/2/19,,0,0,0,0
2021/2/20,,0,0,0,0
2021/2/21,,0.01,0,0.02,0.03
2021/2/22,,0.07,0,0.12,0.07
2021/2/23,,0,0.28,0,0
2021/2/24,,0,0,0,0
2021/2/25,,0,0,0,0
2021/2/26,,0,0,0,0
2021/2/27,,0.01,0.04,0.04,0.05
2021/2/28,,0,0.01,0,0.01
2021/3/1,,0,0,0,0
2021/3/2,,0,0,0,0
2021/3/3,,0,0,0,0
2021/3/4,,0,0,0,0
2021/3/5,,0.01,0.01,0.02,0.01
2021/3/6,,0,0,0,0
2021/3/7,,0,0,0,0
2021/3/8,,0,0,0,0
2021/3/9,,0,0,0,0
2021/3/10,,0,0,0,0
2021/3/11,,0,0,0,0
2021/3/12,,0,0,0,0
2021/3/13,,0,0,0,0
2021/3/14,,0,0,0,0
2021/3/15,,0,0,0,0
2021/3/16,,0,0,0,0
2021/3/17,,0,0,0,0
2021/3/18,,0,0.01,0,0
2021/3/19,,0,0,0,0
2021/3/20,,0,0,0,0
2021/3/21,,0,0,0,0
2021/3/22,,0,0,0,0
2021/3/23,,0,0,0,0
2021/3/24,,0,0,0,0
2021/3/25,,0.24,0.28,0.31,0.28
2021/3/26,,0.77,0.76,0.75,0.68
2021/3/27,,0.25,0.27,0.33,0.27
2021/3/28,,0.27,0.26,0.4,0.27
2021/3/29,,0,0,0,0
2021/3/30,,0.01,0.01,0.02,0.03
2021/3/31,,0.05,0.05,0.06,0.07
2021/4/1,,0,0,0,0
2021/4/2,,0,0,0,0
2021/4/3,,0,0,0,0
2021/4/4,,0,0,0,0
2021/4/5,,0.28,0.33,0.3,0.29
2021/4/6,,0,0,0,0
2021/4/7,,0,0,0,0
2021/4/8,,0.16,0.27,0.39,0.22
2021/4/9,,0,0.01,0.01,0
2021/4/10,,0.61,0.86,0.85,0.67
2021/4/11,,0.36,0.46,0.52,0.46
2021/4/12,,0.01,0.04,0.02,0.01
2021/4/13,,0.05,0.05,0.08,0.09
2021/4/14,,0,0,0,0
2021/4/15,,0.03,0.07,0.04,0.01
2021/4/16,,0,0,0,0
2021/4/17,,0,0,0,0
2021/4/18,,0,0,0,0
2021/4/19,,0,0,0,0
2021/4/20,,0.13,0.1,0.17,0.24
2021/4/21,,0,0.21,0,0
2021/4/22,,0,0,0,0
2021/4/23,,0,0,0,0
2021/4/24,,0.01,0.04,0.02,0.03
2021/4/25,,0.01,0,0,0
2021/4/26,,0,0,0,0
2021/4/27,,0,0,0,0
2021/4/28,,0,0.01,0.01,0.01
2021/4/29,,0.23,0.28,0.25,0.25
2021/4/30,,0.01,0.04,0.02,0.04
2021/5/1,,0,0,0,0
2021/5/2,,0,0,0,0
2021/5/3,,0.16,0.23,0.28,0.24
2021/5/4,,0.13,0.13,0.13,0.1
2021/5/5,,0,0,0,0
2021/5/6,,0.1,0.15,0.11,0.13
2021/5/7,,0.04,0.06,0.1,0.01
2021/5/8,,0,,0,0
2021/5/9,,0.12,,0.17,0.14
2021/5/10,,0,0,0,0
2021/5/11,,0,0,0,0
2021/5/12,,0,0,0,0
2021/5/13,,0,,0,0
2021/5/14,,0,0,0,0
2021/5/15,,0,0,0.01,0
2021/5/16,,0.07,0.1,0.12,0.11
2021/5/17,,0,0,0,0
2021/5/18,,0,0.01,0,0
2021/5/19,,0,0,0,0
2021/5/20,,0,0,0,0
2021/5/21,,0,0,0,0
2021/5/22,,0,0.01,0,0
2021/5/23,,0.17,0.29,0.26,0.4
2021/5/24,,0,0.01,0,0
2021/5/25,,0,0,0,0
2021/5/26,,0.26,0.35,0.36,0.32
2021/5/27,,0,0,0,0
2021/5/28,,0.7,0.73,0.73,0.68
2021/5/29,,0,0,0,0
2021/5/30,,0,0,0,0
2021/5/31,,0,0,0,0
2021/6/1,,0,0,0,0
2021/6/2,,0.48,0.53,0.54,0.54
2021/6/3,,0,0.04,0,0
2021/6/4,,0,0,0,0
2021/6/5,,0,0,0,0
2021/6/6,,0,0,0,0
2021/6/7,,0.14,0.12,0.06,0.01
2021/6/8,,0,0.04,0.01,0
2021/6/9,,0.63,0.14,0.79,0.03
2021/6/10,,0,0.01,0,0
2021/6/11,,0.02,0.04,0,0.01
2021/6/12,,0.22,0.37,0.21,0.18
2021/6/13,,0.01,0.01,0,0.02
2021/6/14,,0,0,0,0
2021/6/15,,0,0,0.01,0
2021/6/16,,0,0,0,0
2021/6/17,,0,0,0.01,0
2021/6/18,,0.47,0.54,0.54,0.47
2021/6/19,,0.05,0.13,0.13,0.23
2021/6/20,,1.18,0.82,1.49,0.75
2021/6/21,,0.46,0.5,0.51,0.39
2021/6/22,,0,0,0,0
2021/6/23,,0,0,0.01,0.01
2021/6/24,,0,0,0,0
2021/6/25,,2.77,2.7,2.74,3.42
2021/6/26,,0.22,0.27,0.31,0.09
2021/6/27,,0,0,0,0
2021/6/28,,0.24,0.3,0.23,0.22
2021/6/29,,0.41,0.5,0.5,0.01
2021/6/30,,0.04,0.05,0.05,0.04
2021/7/1,,0,0,0,0
2021/7/2,,0,0,0,0
2021/7/3,,0,0,0,0
2021/7/4,,0,0,0,0
2021/7/5,,0,0,0,0
2021/7/6,,0,0,0.03,0
2021/7/7,,0,0,0.01,0
2021/7/8,,0,0.07,0.07,0.01
2021/7/9,,0,0,0,0
2021/7/10,,0,0,0,0
2021/7/11,,0.2,0.21,0.22,0.24
2021/7/12,,0,0.03,0.01,0.04
2021/7/13,,0.21,0.14,0.46,0.96
2021/7/14,,0,0,0,0
2021/7/15,,0,0,0,0
2021/7/16,,2.54,2.78,2.58,1.92
2021/7/17,,0.05,0.07,0.05,0.05
2021/7/18,,0,0,0,0
2021/7/19,,0,0,0,0
2021/7/20,,0.26,0.26,0.22,0.21
2021/7/21,,0,0.01,0,0
2021/7/22,,0,0,0,0
2021/7/23,,0,0.08,0.04,0.05
2021/7/24,,0.06,0.02,0.04,0.13
2021/7/25,,0,0,0,0
2021/7/26,,0,0,0,0
2021/7/27,,0,0,0,0
2021/7/28,,0,0,0,0
2021/7/29,,0,0.01,0.01,0
2021/7/30,,0,0,0.01,0
2021/7/31,,0,0,0,0
2021/8/1,,0.09,0.1,0.09,0.1
2021/8/2,,0,0,0,0
2021/8/3,,0,0,0,0
2021/8/4,,0.3,0.28,0.75,0.17
2021/8/5,,0,0,0.01,0.01
2021/8/6,,0.09,0.13,0.15,0.14
2021/8/7,,0.36,0.22,0.49,0.06
2021/8/8,,0,0,0,0
2021/8/9,,0.24,0.58,0.07,0.16
2021/8/10,,0.02,0.01,0.03,0.04
2021/8/11,,0.37,0.39,0.46,0.56
2021/8/12,,2.52,1.83,2.78,2.75
2021/8/13,,0,0,0,0
2021/8/14,,,0,0,0
2021/8/15,,,0,0,0
2021/8/16,,,0,0,0
2021/8/17,,,0,0,0
2021/8/18,,,0,0,0
2021/8/19,,,0,0,0
2021/8/20,,,0,0,0
2021/8/21,,,0,0,0
2021/8/22,,,0.02,0,0
2021/8/23,,,0,0,0
2021/8/24,,,0.01,0.08,0.09
2021/8/25,,,0,0.01,0
2021/8/26,,,0,0,0
2021/8/27,,,0,0,0
2021/8/28,,,0,0,0
2021/8/29,,,0.4,0.67,0.46
2021/8/30,,0.07,0,0.01,0
2021/8/31,,0,0,0,0
2021/9/1,,0,0,0,0
2021/9/2,,0,0,0,0
2021/9/3,,0,0,0,0
2021/9/4,,0,0,0,0
2021/9/5,,0,0,0,0
2021/9/6,,0.11,0.14,0.29,0.09
2021/9/7,,0.48,0.36,0.53,0.59
2021/9/8,,0,0,0,0.01
2021/9/9,,0,0,0,0
2021/9/10,,0,0,0,0
2021/9/11,,0,0,0,0
2021/9/12,,0,0,0,0
2021/9/13,,0,0,0,0
2021/9/14,,0.03,0.12,0.12,0.18
2021/9/15,,0,0,0,0
2021/9/16,,0,0,0,0
2021/9/17,,0,0,0,0
2021/9/18,,0,0,0,0
2021/9/19,,0,0,0,0
2021/9/20,,0.16,0.3,0.24,0.19
2021/9/21,,1.42,1.23,1.73,1.66
2021/9/22,,1.87,1.81,1.96,2.09
2021/9/23,,0.47,0.56,0.63,0.5
2021/9/24,,0,0.01,0,0
2021/9/25,,0.26,0.26,0.35,0.3
2021/9/26,,0,0,0,0
2021/9/27,,0,0,0,0
2021/9/28,,0,0,0,0
2021/9/29,,0,0,0,0
2021/9/30,,0,0,0,0
2021/10/1,,0,0,0,0
2021/10/2,,0.1,0.1,0.12,0.25
2021/10/3,,0.61,0.42,0.72,0.75
2021/10/4,,0.08,0.09,0.56,0.03
2021/10/5,,0.1,0.12,0.11,0.07
2021/10/6,,0,0,0,0
2021/10/7,,0.09,0.11,0.13,0.08
2021/10/8,,0.02,0.1,0.06,0.06
2021/10/9,,0.01,0,0.01,0
2021/10/10,,0.04,0.05,0.06,0.05
2021/10/11,,0,0,0,0
2021/10/12,,0,0,0,0
2021/10/13,,0,0,0,0
2021/10/14,,0.09,0.1,0.14,0.16
2021/10/15,,0.17,0.22,0.26,0.27
2021/10/16,,0.26,0.24,0.3,0.25
2021/10/17,,0,0,0,0
2021/10/18,,0,0,0,0
2021/10/19,,0,0,0,0
2021/10/20,,0,0.01,0,0.03
2021/10/21,,0.46,0.3,0.54,0.42
2021/10/22,,0,0,0.01,0
2021/10/23,,0,0,0.01,0
2021/10/24,,0.83,0.85,0.88,0.82
2021/10/25,,1.09,1.15,1.11,0.95
2021/10/26,,0,0,0,0
2021/10/27,,0,0.02,0.02,0
2021/10/28,,0.07,0.09,0.09,0.09
2021/10/29,,0.84,0.8,0.86,0.86
2021/10/30,,0.01,0.03,0.02,0
2021/10/31,,0,0,0,0.01
2021/11/1,,0,0,0,0
2021/11/2,,0,0,0,0
2021/11/3,,0,0,0,0
2021/11/4,,0,0,0,0
2021/11/5,,0,0,0,0
2021/11/6,,0,0,0,0
2021/11/7,,0,0,0,0
2021/11/8,,0,0,0,0
2021/11/9,,0,0,0,0
2021/11/10,,0,0,0,0
2021/11/11,,0.03,0.03,0.04,0.03
2021/11/12,,0,0,0,0
2021/11/13,,0.04,0.05,0.01,0.01
2021/11/14,,0.12,0.19,0.32,0.18
2021/11/15,,0,0.01,0,0
2021/11/16,,0,0,0,0
2021/11/17,,0.12,0.13,0.18,0.13
2021/11/18,,0,0,0.01,0.01
2021/11/19,,0,0.01,0,0
2021/11/20,,0,0,0,0
2021/11/21,,0.09,0.11,0.16,0.12
2021/11/22,,0,0,0,0
2021/11/23,,0,0,0,0
2021/11/24,,0,0.03,0,0
2021/11/25,,0.28,0.31,0.31,0.24
2021/11/26,,0,0,0,0
2021/11/27,,0,0,0.32,0.33
2021/11/28,,0.19,0.04,0,0
2021/11/29,,0.21,0.15,0.16,0.16
2021/11/30,,0.01,0.37,0.01,0.01
2021/12/1,,0,0,0,0
2021/12/2,,0,0,0,0
2021/12/3,,0,0.01,0,0
2021/12/4,,0,0,0,0
2021/12/5,,0.46,0.56,0.56,0.44
2021/12/6,,0,0.01,0.01,0
2021/12/7,,0,0,0,0
2021/12/8,,0,0,0,0
2021/12/9,,0,0,0,0
2021/12/10,,0.37,0.36,0.44,0.36
2021/12/11,,0.93,0.94,1.14,0.88
2021/12/12,,0,0,0,0
2021/12/13,,0,0,0,0
2021/12/14,,0,0,0,0
2021/12/15,,0.07,0.09,0.11,0.09
2021/12/16,,0,0,0,0
2021/12/17,,0,0,0,0
2021/12/18,,0.19,0.26,0.25,0.25
2021/12/19,,0,0,0,0
2021/12/20,,0,0.04,0,0
2021/12/21,,0,0,0,0
2021/12/22,,0,0,0,0
2021/12/23,,0,0,0,0
2021/12/24,,0.02,0.02,0.04,0.02
2021/12/25,,0.28,0.34,0.45,0.28
2021/12/26,,0,0,0,0
2021/12/27,,0.16,0.24,0.18,0.17
2021/12/28,,0.15,0,0.15,0.15
2021/12/29,,0,0.24,0,0
2021/12/30,,0,0,0,0
2021/12/31,,0,0.03,0,0
2022/1/1,,0.06,0.02,0.02,0.09
2022/1/2,,0,0,0,0.02
2022/1/3,,0,0.01,0,0
2022/1/4,,0,0,0,0
2022/1/5,,0,0,0,0
2022/1/6,,0,0,0,0
2022/1/7,,0,0,0,0
2022/1/8,,0,0,0,0
2022/1/9,,0,0.01,0,0
2022/1/10,,0,0,0,0
2022/1/11,,0,0,0,0
2022/1/12,,0,0.01,0,0
2022/1/13,,0,0,0,0
2022/1/14,,0,0,0,0
2022/1/15,,0,0,0,0
2022/1/16,,0,0,0,0
2022/1/17,,0,0,0,0
2022/1/18,,0,0,0,0
2022/1/19,,0,0,0,0
2022/1/20,,0,0,0,0
2022/1/21,,0,0,0,0
2022/1/22,,0,0,0,0
2022/1/23,,0.02,0,0.04,0.06
2022/1/24,,0.01,0,0.06,0.03
2022/1/25,,0,0,0,0
2022/1/26,,0,0,0,0
2022/1/27,,0,0,0,0
2022/1/28,,0,0,0,0
2022/1/29,,0,0,0,0
2022/1/30,,0,0,0,0
2022/1/31,,0,0.02,0,0
2022/2/1,,0.01,0.2,0.02,0.03
2022/2/2,,0.34,0.1,0.26,0.65
2022/2/3,,0,0,0,0.01
2022/2/4,,0,0,0,0
2022/2/5,,0,0,0,0
2022/2/6,,0,0.01,0,0
2022/2/7,,0,0,0,0
2022/2/8,,0,0,0,0
2022/2/9,,0,0.52,0,0
2022/2/10,,0.01,0,0.01,0.01
2022/2/11,,0.04,0.06,0.07,0.03
2022/2/12,,0,0,0,0
2022/2/13,,0,0,0,0
2022/2/14,,0,0,0,0
2022/2/15,,0,0,0,0
2022/2/16,,0,0,0,0
2022/2/17,,0.79,0.61,0.9,0.97
2022/2/18,,0,0,0,0.01
2022/2/19,,0,0,0,0.02
2022/2/20,,0,0.33,0,0
2022/2/21,,0,0,0,0
2022/2/22,,0.08,0.09,0.13,0.09
2022/2/23,,0,0,0,0
2022/2/24,,0,0,0,0.01
2022/2/25,,0.01,0.01,0,0.02
2022/2/26,,0,0,0,0
2022/2/27,,0,0.01,0,0
2022/2/28,,0,0,0,0
2022/3/1,,0,0,0,0
2022/3/2,,0,0.02,0,0.01
2022/3/3,,0,0,0,0
2022/3/4,,0,0,0,0
2022/3/5,,0,0,0,0
2022/3/6,,0,0,0,0
2022/3/7,,0.44,0.62,0.58,0.54
2022/3/8,,0,0,0,0
2022/3/9,,0,0,0,0
2022/3/10,,0,0,0,0
2022/3/11,,0.01,0.13,0.02,0.06
2022/3/12,,0,0,0,0
2022/3/13,,0,0.01,0.01,0.01
2022/3/14,,0,0,0,0
2022/3/15,,0,0,0,0
2022/3/16,0,0,0,0,0
2022/3/17,0,0,0,0,0
2022/3/18,0.63,0.6,0.71,0.67,0.58
2022/3/19,3.47,0.26,0.33,0.47,0.34
2022/3/20,0,0,0.03,0,0
2022/3/21,0,0,0,0,0
2022/3/22,0.21,0.18,0.25,0.24,0.19
2022/3/23,0.92,0.73,1.29,0.79,0.65
2022/3/24,2.77,0,0.01,0,0
2022/3/25,0.02,0,0.03,0.02,0.03
2022/3/26,0,0,0.03,0.01,0.01
2022/3/27,0,0,0,0,0
2022/3/28,0,0,0,0,0
2022/3/29,0.01,0,0,0,0.02
2022/3/30,0.13,0.12,0.12,0.18,0.08
2022/3/31,0.01,0.01,0,0.02,0
2022/4/1,0,0,0,0,0
2022/4/2,0.06,0.06,0.06,0.08,0.09
2022/4/3,0.01,0.02,0.08,0.03,0.03
2022/4/4,0.23,0.21,0.28,0.28,0.2
2022/4/5,0,0,0,0,0
2022/4/6,0.73,0.21,0.27,0.31,0.21
2022/4/7,0.06,0,0,0,0
2022/4/8,0,0.02,0.01,0.09,0.03
2022/4/9,0,0,0,0,0
2022/4/10,0,0,0,0,0
2022/4/11,0.08,0,0.03,0.01,0.01
2022/4/12,0,0,0,0,0
2022/4/13,0.17,0.13,0.1,0.19,0.15
2022/4/14,0.03,0.03,0.07,0.09,0.07
2022/4/15,0.19,0.19,0.24,0.37,0.27
2022/4/16,0,0,0,0,0
2022/4/17,0,0,0,0,0
2022/4/18,0.16,0.18,0.31,0.22,0.26
2022/4/19,0,0,0.03,0.01,0
2022/4/20,0,0,0,0,0
2022/4/21,0.03,0.06,0.04,0.09,0.05
2022/4/22,0.47,0.41,0.47,0.6,0.42
2022/4/23,0.67,0.67,0.82,0.9,0.66
2022/4/24,0.24,0.18,0.21,0.33,0.24
2022/4/25,0.05,0.03,0.07,0.09,0.11
2022/4/26,0,0,0,0,0
2022/4/27,0,0,0,0,0
2022/4/28,0,0,0,0,0
2022/4/29,0,0,0,0,0
2022/4/30,0,0,0,0,0
2022/5/1,0.35,0.24,0.48,0.36,0.25
2022/5/2,0,0,0,0,0
2022/5/3,0.66,0.7,0.6,0.92,0.68
2022/5/4,0.01,0.03,0.01,0.05,0.01
2022/5/5,0.06,0.05,0.08,0.1,0.08
2022/5/6,0.07,0.07,0.1,0.08,0.06
2022/5/7,0,0,0,0,0
2022/5/8,0,0,0,0,0
2022/5/9,0,0,0,0.01,0
2022/5/10,0,0,0,0,0
2022/5/11,0,0,0,0,0
2022/5/12,0,0,0,0,0
2022/5/13,0,0,0,0,0
2022/5/14,1.11,0.85,1.6,0.67,0.85
2022/5/15,0.04,0.04,0.02,0.07,0.08
2022/5/16,0.14,0.15,0.14,0.25,0.23
2022/5/17,0,0,0,0,0
2022/5/18,0.37,0.35,0.39,0.46,0.4
2022/5/19,0,0.01,0.01,0.01,0
2022/5/20,0,0,0,0,0
2022/5/21,0.22,0.19,0.18,0.23,0.16
2022/5/22,0,0,0,0,0
2022/5/23,0,0,0,0,0
2022/5/24,0,0,0,0,0
2022/5/25,0.28,0.32,0.32,0.41,0.38
2022/5/26,0.14,0.05,0.2,0.12,0.07
2022/5/27,0.53,0.1,0.07,1.04,0.13
2022/5/28,0,0,0.05,0.01,0
2022/5/29,0,0,0.01,0,0
2022/5/30,0,0,0,0,0
2022/5/31,0,0,0,0,0
2022/6/1,0.08,0.1,0.07,0.11,0.12
2022/6/2,0,0,0.01,0,0
2022/6/3,0,0,0,0,0
2022/6/4,0,0,0,0,0
2022/6/5,0,0,0,0,0
2022/6/6,0.92,0.74,0.1,0.89,0.75
2022/6/7,0.53,0.36,0.12,0.51,0.36
2022/6/8,0.51,0.58,0.13,0.64,0.57
2022/6/9,0,0,0.03,0,0
2022/6/10,0,0.01,0.01,0.01,0.01
2022/6/11,0,0,0.01,0,0
2022/6/12,0,0,0.01,0,0
2022/6/13,0.18,0.18,0,0.18,0.17
2022/6/14,0.22,0.28,0,0.32,0.27
2022/6/15,0,0,0.01,0,0
2022/6/16,0.25,0.33,0.38,0.37,0.07
2022/6/17,0,0,0,0,0
2022/6/18,0,0,0,0,0
2022/6/19,0,0,0,0,0
2022/6/20,0.04,0.01,0.02,0.07,0.05
2022/6/21,0,0,0,0,0
2022/6/22,0,0,0,0,0
2022/6/23,0,0,0,0,0
2022/6/24,0,0,0,0,0
2022/6/25,0.03,0.01,0.04,0.03,0.03
2022/6/26,0,0,0,0,0.01
2022/6/27,0,0,0,0,0
2022/6/28,0,0,0,0,0
2022/6/29,0,0,0,0,0
2022/6/30,0,0,0,0,0
2022/7/1,0.16,0.12,0.15,0.22,0.22
2022/7/2,0,0,0,0,0
2022/7/3,0,0,0,0,0
2022/7/4,0,0,0,0,0
2022/7/5,0.21,0.33,0.26,0.32,0.38
2022/7/6,0.25,0.26,0.02,0.27,0.37
2022/7/7,0,0,0.01,0,0
2022/7/8,0.34,1.14,0.01,1.58,1.59
2022/7/9,0,0,0.04,0,0
2022/7/10,0,0,0.01,0,0
2022/7/11,0,0,0.01,0,0
2022/7/12,0.01,0.03,0,0.02,0.04
2022/7/13,0.54,0.5,0.24,0.48,0.35
2022/7/14,0,0,0,0,0
2022/7/15,0.12,0.11,0.15,0.16,0.13
2022/7/16,0,0,0,0,0
2022/7/17,0.01,0,0.01,0.01,0.01
2022/7/18,0.01,0,0,0,0
2022/7/19,0,0,0,0,0
2022/7/20,0.03,0.12,0.02,0.13,0.06
2022/7/21,0.12,0.09,0.13,0.15,0.37
2022/7/22,0.01,0,0.01,0.01,0.01
2022/7/23,0.26,0.32,0.43,0.34,0.23
2022/7/24,0.03,0.01,0.03,0.03,0.04
2022/7/25,0,0,0,0,0
2022/7/26,0,0,0,0,0
2022/7/27,0.02,0,0.02,0.01,0.02
2022/7/28,0,0,0,0,0
2022/7/29,0,0,0,0,0
2022/7/30,0,0,0,0,0
2022/7/31,0,0,0,0,0
2022/8/1,0,0,0,0,0
2022/8/2,0,0,0,0,0
2022/8/3,0.49,0.6,0.74,0.5,0.63
2022/8/4,0.49,0.44,0.73,0.63,0.26
2022/8/5,0,0,0,0,0
2022/8/6,0,0,0,0,0
2022/8/7,0,0,0,0,0
2022/8/8,0.23,0.09,0.15,0.23,0.01
2022/8/9,0,0,0,0,0
2022/8/10,0,0,0,0,0
2022/8/11,0,0,0,0,0
2022/8/12,0,0,0,0,0
2022/8/13,0.03,0.02,0.05,0.06,0.05
2022/8/14,0.03,0.01,0.03,0.02,0.02
2022/8/15,0,0,0,0,0
2022/8/16,0.07,0.04,0.13,0,0.01
2022/8/17,0.36,0.15,0.09,,0.1
2022/8/18,0,0,0,,0
2022/8/19,0,0,0,,0
2022/8/20,0,0,0.01,,0.01
2022/8/21,0.63,0.95,0.59,,1.49
2022/8/22,0,0,0,,0.01
2022/8/23,0,0,0,0,0
2022/8/24,0,0,0,0,0
2022/8/25,0,0,0,0,0
2022/8/26,0,0,0,0,0
2022/8/27,0,0,0,0,0
2022/8/28,0,0,0,0,0
2022/8/29,0.29,0.33,0.65,0.52,0.2
2022/8/30,0,0,0,0,0
2022/8/31,0,0,0,0,0
2022/9/1,0,0,0,0,0
2022/9/2,0,0,0,0,0
2022/9/3,0,0,0,0,0
2022/9/4,0,0,0,0.01,0.01
2022/9/5,0,0,0,0,0
2022/9/6,0,0,0,0,0
2022/9/7,0,0,0,0,0
2022/9/8,0,0,0,0,0
2022/9/9,0,0,0,0,0
2022/9/10,0.44,0.2,0.63,0.14,0.25
2022/9/11,0.47,0.47,0.43,0.2,0.39
2022/9/12,0.01,0.1,0.01,0.01,0.01
2022/9/13,0,0,0,0,0
2022/9/14,0,0,0,0,0
2022/9/15,0,0,0,0,0
2022/9/16,0,0,0,0,0
2022/9/17,0,0,0,0,0
2022/9/18,0,0,0,0,0
2022/9/19,0.16,0.13,0.17,0.18,0.25
2022/9/20,0.63,0.83,0.68,0.63,0.6
2022/9/21,0.01,0,0,0,0
2022/9/22,0,0,0,0,0
2022/9/23,0,0,0,0,0
2022/9/24,0.09,0.11,0.13,0.12,0.1
2022/9/25,0.14,0.17,0.18,0.21,0.25
2022/9/26,0.04,0.04,0.03,0.03,0.02
2022/9/27,0,0,0,0,0.01
2022/9/28,0,0,0,0,0
2022/9/29,0,0,0,0,0
2022/9/30,0,0,0,0,0
2022/10/1,0,0,0,0,0
2022/10/2,0,0,0,0,0
2022/10/3,0,0,0,0,0
2022/10/4,0,0,0,0,0
2022/10/5,0,0,0,0,0
2022/10/6,0,,0,0,0.01
2022/10/7,0,,0,0,0
2022/10/8,0,,0,0,0
2022/10/9,0,,0,0,0
2022/10/10,0,,0,0,0
2022/10/11,0.01,,0.02,0.02,0.01
2022/10/12,0.06,,0.08,0.11,0.13
2022/10/13,0.02,,0.03,0.04,0.02
2022/10/14,0,,0,0,0
2022/10/15,0.01,,0.03,0.04,0.02
2022/10/16,0,,0,0,0
2022/10/17,0.05,,0.07,0.08,0.07
2022/10/18,0.03,,0.09,0.04,0.06
2022/10/19,0.01,,0.05,0,0.01
2022/10/20,0.01,,0.01,0.02,0.02
2022/10/21,0,,0,0,0
2022/10/22,0,,0,0,0
2022/10/23,0,,0,0,0
2022/10/24,0,,0,0,0
2022/10/25,0.02,,0.01,0.04,0.04
2022/10/26,0.2,,0.18,0.2,0.16
2022/10/27,0,,0,0,0
2022/10/28,0,,0,0,0
2022/10/29,0,,0,0,0
2022/10/30,0,,0,0,0
2022/10/31,0.19,,0.18,0.25,0.26
2022/11/1,0,,0,0,0
2022/11/2,0,,0,0,0
2022/11/3,0,,0,0,0
2022/11/4,0,,0,0,0
2022/11/5,0.01,,0.01,0.04,0.04
2022/11/6,0,,0,0,0
2022/11/7,0,,0,0,0
2022/11/8,0,,0,0,0
2022/11/9,0,,0,0,0
2022/11/10,0,,0,0,0
2022/11/11,0,,0,0,0
2022/11/12,0.03,,0.07,0.07,0.05
2022/11/13,0,,0,0,0
2022/11/14,0,,0,0,0
2022/11/15,0.01,,0.02,0.02,0.02
2022/11/16,0,,0.06,0,0
2022/11/17,0.01,,0,0.01,0.01
2022/11/18,0,,0.01,0,0
2022/11/19,0.01,,0,0.04,0.04
2022/11/20,0,,0,0.01,0
2022/11/21,0,,0.05,0,0
2022/11/22,0,,0,0,0
2022/11/23,0,,0,0,0
2022/11/24,0.01,,0.02,0.01,0.03
2022/11/25,0,,0,0,0
2022/11/26,0,,0,0,0
2022/11/27,0.34,,0.41,0.49,0.52
2022/11/28,0,,0,0,0
2022/11/29,0,,0,0,0
2022/11/30,0.17,,0.19,0.15,0.12
2022/12/1,0,,0,0,0
2022/12/2,0,,0,,0
2022/12/3,0.03,,0.04,,0.08
2022/12/4,0,,0,,0
2022/12/5,0,,0,,0
2022/12/6,0,,0,,0
2022/12/7,0,,0,,0
2022/12/8,0,,0,,0
2022/12/9,0,,0,,0
2022/12/10,0,,0,,0
2022/12/11,0,,0,,0
2022/12/12,0,,0,,0
2022/12/13,0,,0,,0
2022/12/14,0,,0,,0
2022/12/15,0.37,,0.53,,0.41
2022/12/16,0.01,,0,,0
2022/12/17,0,,0,,0
2022/12/18,0,,0,,0
2022/12/19,0,,0,,0
2022/12/20,0,,0.01,,0
2022/12/21,0,,0,,0
2022/12/22,0.17,,0.25,,0.21
2022/12/23,0,,0,,0
2022/12/24,0,,0,,0
2022/12/25,0,,0,,0
2022/12/26,0,,0,,0
2022/12/27,0,0,0.03,,0
2022/12/28,0,0.04,0.01,,0
2022/12/29,0,0,0,,0
2022/12/30,0.45,0.67,0.54,,0.59
2022/12/31,0.28,0.37,0.32,,0.33
2023/1/1,0.06,0.14,0.12,,0.09
2023/1/2,0,0,0,,0
2023/1/3,0.37,0.49,0.38,,0.45
2023/1/4,0.06,0.1,0.04,,0.09
2023/1/5,0.02,0.05,0.03,,0.02
2023/1/6,0,0.01,0.02,,0
2023/1/7,0,0.01,0.01,,0
2023/1/8,0,0,0,,0
2023/1/9,0,0,0,,0
2023/1/10,0,0,0,,0
2023/1/11,0,0,0,,0
2023/1/12,0,0,0,,0
2023/1/13,0,0,0,,0
2023/1/14,0,0,0,,0
2023/1/15,0,0,0,,0
2023/1/16,0.1,0.17,0.19,,0.1
2023/1/17,0.01,0.03,0.02,,0.02
2023/1/18,0.01,0.01,0.01,,0.01
2023/1/19,0.42,0.67,0.52,,0.39
2023/1/20,0.03,0.07,0.05,,0.02
2023/1/21,0,0,0,,0
2023/1/22,0.08,0.15,0.01,,0.08
2023/1/23,0,0.01,0,,0
2023/1/24,0,0,0.01,,0
2023/1/25,0.31,0.16,0,,0.31
2023/1/26,0,0.2,0,,0
2023/1/27,0,0.03,0,,0
2023/1/28,0,0.01,0,,0
2023/1/29,0.05,0,0.01,,0.04
2023/1/30,0,0,0,,0
2023/1/31,0,0,0,,0
2023/2/1,0,0,0,,0
2023/2/2,0,0,0.01,,0
2023/2/3,0,0,0,,0
2023/2/4,0,0,0,,0
2023/2/5,0,0.01,0.37,,0
2023/2/6,0,0.01,0,,0
2023/2/7,0,0,0,,0
2023/2/8,0,0,0,,0
2023/2/9,0.79,0.83,0.71,,0.64
2023/2/10,0,0.08,0.1,,0.13
2023/2/11,0,0,0,,0
2023/2/12,0,0,0,,0
2023/2/13,0,0,0,,0
2023/2/14,0,0.01,0.01,,0
2023/2/15,0.01,0,0,,0
2023/2/16,0.1,0,0.01,,0.14
2023/2/17,0,0,0,,0
2023/2/18,0,0.12,0.18,,
2023/2/19,0,0,0,,
2023/2/20,0,0,0,,
2023/2/21,0,0,0,,
2023/2/22,0.75,0.85,0.61,,
2023/2/23,0,0.23,0.02,,
2023/2/24,0,0,0,,
2023/2/25,0.01,0.04,0.03,,
2023/2/26,0,0,0,,
2023/2/27,0.77,1.01,0.01,,
2023/2/28,0,0.01,0.01,,
2023/3/1,0.01,0.01,0.01,,0
2023/3/2,0,0,0.01,,0
2023/3/3,0.7,0.01,0,,0.32
2023/3/4,0.04,1.01,1.09,,
2023/3/5,0,0,0,,0
2023/3/6,0.36,0.54,0.41,,0.41
2023/3/7,0.03,0.04,0.06,,0.12
2023/3/8,0,0,0,,0
2023/3/9,0,0,0,,0
2023/3/10,0.13,0.3,0.27,,0.13
2023/3/11,0,0,0.01,,0
2023/3/12,0.01,0.03,0.02,,0
2023/3/13,0.03,0.12,0.11,,0.05
2023/3/14,0,0,0,,0
2023/3/15,0,0,0,,0
2023/3/16,0,0,0.02,,0.02
2023/3/17,0.08,0,0.11,,0.11
2023/3/18,0,0,0,,0
2023/3/19,0,0,0.01,,0
2023/3/20,0,0,0,,0
2023/3/21,0,0,0,,0
2023/3/22,0.12,0.17,0.14,,0.09
2023/3/23,0.13,0.16,0.15,,0.17
2023/3/24,0,0,0.01,,0
2023/3/25,0.3,0.47,0.37,,0.27
2023/3/26,0.13,0.18,0.17,,0.12
2023/3/27,0.03,0.09,0.06,,0.12
2023/3/28,0,0,0,,0
2023/3/29,0,0.01,0.01,,0.01
2023/3/30,0.01,0,0,,0
2023/3/31,0.84,1.11,0.88,,0.95
2023/4/1,0.13,0.2,0.17,,0.2
2023/4/2,0,0,0,,0
2023/4/3,0.14,0.19,0.2,,0.18
2023/4/4,0.13,0.2,0.17,,0.15
2023/4/5,0.09,0.11,0.08,,0.1
2023/4/6,0,0,0,,0
2023/4/7,0,0,0,,0
2023/4/8,0,0,0,,0
2023/4/9,0,0,0,,0
2023/4/10,0,0,0,,0
2023/4/11,0,0,0,,0
2023/4/12,0,0,0,,0
2023/4/13,0,0,0,,0
2023/4/14,0,0,0,,0
2023/4/15,0,0,0,,0
2023/4/16,0.06,0.08,0.06,,0.07
2023/4/17,0.02,0.09,0.03,,0.04
2023/4/18,0,0,0,,0
2023/4/19,0,0,0,,0
2023/4/20,0.01,0.01,0.01,,0.01
2023/4/21,0.17,0.18,0.2,,0.18
2023/4/22,0.08,0.02,0.09,,0
2023/4/23,0.01,0.03,0,,0
2023/4/24,0,0,0,,0
2023/4/25,0.05,0.06,0.08,,0.05
2023/4/26,0,0.01,0,,0
2023/4/27,0,0,0,,0
2023/4/28,0.44,0.17,0.49,,0.46
2023/4/29,0.36,0,0.37,,0.41
2023/4/30,0.13,0,0.16,,0.16
2023/5/1,0.06,0,0.13,,0.1
2023/5/2,0.01,0,0.06,,0.25
2023/5/3,0,0,0,,0
2023/5/4,0,0,0,,0
2023/5/5,0,0,0,,0
2023/5/6,0,0,0,,0
2023/5/7,0.32,0,0.24,,0.23
2023/5/8,0.03,0,0.02,,0.03
2023/5/9,0,0,0,,0
2023/5/10,0,0,0,,0
2023/5/11,0,0,0,,0
2023/5/12,0,0,0,,0
2023/5/13,0,0,0,,0
2023/5/14,0,0,0,,0
2023/5/15,0,0,0,,0
2023/5/16,0,0,0,,0
2023/5/17,0,0,0,,0
2023/5/18,0,0,0,,0
2023/5/19,0.42,0.01,0.44,,0.5
2023/5/20,0,0.02,0.01,,0
2023/5/21,0,0,0,,0
2023/5/22,0,0,0,,0
2023/5/23,0,0,0,,0
2023/5/24,0,0,0,,0
2023/5/25,0,0,0,,0
2023/5/26,0,0,0,,0
2023/5/27,0,0,0,,0
2023/5/28,0,0,0,,0
2023/5/29,0,0,0,,0
2023/5/30,0,0,0,,0
2023/5/31,0,0,0,,0
2023/6/1,0,0,0,,0
2023/6/2,0,0,0,,0
2023/6/3,0,0,0,,0
2023/6/4,0,0,0,,0
2023/6/5,0,0,0,,0
2023/6/6,0,0,0,,0
2023/6/7,0,0,0,,0
2023/6/8,0,0,0,,0
2023/6/9,0,0,0,,0
2023/6/10,0,0,0,,0
2023/6/11,0.29,0.01,0.3,,0.4
2023/6/12,0.02,0,0.03,,0.02
2023/6/13,0.17,0,0.23,,0.24
2023/6/14,0,0,0,,0
2023/6/15,0.18,0.01,0.15,,0.29
2023/6/16,0,0.12,0,,0
2023/6/17,0,0,0,,0
2023/6/18,0,0,0,,0
2023/6/19,0,0,0,,0
2023/6/20,0,0,0,,0
2023/6/21,0,0,0,,0
2023/6/22,0,0.06,0.02,,0.02
2023/6/23,0.14,0.01,0.13,,0.17
2023/6/24,0.01,0,0,,0
2023/6/25,0.61,0,0.63,,0.95
2023/6/26,0.43,0.91,0.71,,0.85
2023/6/27,0.01,0.03,0.03,,0.02
2023/6/28,0,0,0,,0
2023/6/29,0,0,0,,0
2023/6/30,0,0,0,,0
2023/7/1,1.55,1.55,1.08,,1.39
2023/7/2,0.11,0.18,0.15,,0.14
2023/7/3,0.01,0.02,0.02,,0
2023/7/4,0,0,0,,0
2023/7/5,0,0,0,,0
2023/7/6,0.01,0,0.01,,0
2023/7/7,0,0,0.01,,0
2023/7/8,0.04,0.09,0.11,,0.15
2023/7/9,0,0,0,,0
2023/7/10,0,0,0,,0
2023/7/11,0.21,0.38,0.26,,0.22
2023/7/12,0.41,0.09,0.34,,0.38
2023/7/13,0.13,0.03,0.08,,0.17
2023/7/14,0.01,0.05,0.07,,0.1
2023/7/15,0.45,0.61,0.46,,0.74
2023/7/16,0,0,0,,0.01
2023/7/17,0,0,0,,0
2023/7/18,0,0,0,,0
2023/7/19,0,0,0,,0
2023/7/20,0.4,0.81,0.57,,1.16
2023/7/21,0,0,0,,0
2023/7/22,0,0,0,,0
2023/7/23,0.14,0.36,0.18,,0.36
2023/7/24,0,0,0,,0
2023/7/25,0,0,0,,0
2023/7/26,1.01,0.94,1.03,,1.08
2023/7/27,0,0,0,,0
2023/7/28,0,0,0,,0
2023/7/29,0.26,0.39,0.32,,0.25
2023/7/30,0,0,0,,0
2023/7/31,0,0,0,,0
2023/8/1,0,0,0,,0
2023/8/2,0,0,0,,0
2023/8/3,0,0,0,,0
2023/8/4,0,0,0,,
2023/8/5,0,0,0,,
2023/8/6,1,0.89,1.18,,
2023/8/7,0,0.01,0.01,,
2023/8/8,0,0,0,,
2023/8/9,0,0,0,,
2023/8/10,0.1,0.11,0.12,,
2023/8/11,0.3,0.58,0.7,,
2023/8/12,0,0,0.01,,
2023/8/13,0,0,0,,
2023/8/14,0.4,0.44,0.4,,0.43
2023/8/15,0.42,0.53,0.36,,0.37
2023/8/16,0.01,0,0.01,,0.01
2023/8/17,0.64,0.48,0.55,,0.52
2023/8/18,0,0,0,,0
2023/8/19,0,0,0,,0
2023/8/20,0,0,0,,0
2023/8/21,0,0,0,,0
2023/8/22,0,0,0,,0
2023/8/23,0,0,0,,0
2023/8/24,2.46,2.29,1.43,,2.8
2023/8/25,0,0,0.01,,0
2023/8/26,0,0,0,,0
2023/8/27,0,0,0,,0
2023/8/28,0,0,0,,0
2023/8/29,0.39,0.3,0.26,,0.07
2023/8/30,0,0,0,,
2023/8/31,0,0,0,,
2023/9/1,0,0,0,,
2023/9/2,0,0,0,,
2023/9/3,0,0,0,,
2023/9/4,0,0,0,,
2023/9/5,0.12,0.12,0.07,,
2023/9/6,0.11,0.1,0.09,,
2023/9/7,0.02,0.01,0.01,,
2023/9/8,0,0,0,,
2023/9/9,0,0,0,,
2023/9/10,0,0,0,,
2023/9/11,0.14,0.21,0.15,,0.37
2023/9/12,0.3,0.3,0.27,,0.23
2023/9/13,0,0,0,,0
2023/9/14,0,0,0,,0
2023/9/15,0,0,0,,0
2023/9/16,0,0,0,,0
2023/9/17,0,0,0,,0
2023/9/18,0,0,0,,0
2023/9/19,0,0,0,,0
2023/9/20,0.03,0.02,0.05,,0.02
2023/9/21,0,0,0,,0
2023/9/22,0,0,0,,0
2023/9/23,0,0,0,,0
2023/9/24,0,0,0,,0
2023/9/25,0,0,0,,0
2023/9/26,0.04,0.11,0.1,,0.06
2023/9/27,0.62,0.67,0.68,,0.57
2023/9/28,0.63,0.68,0.35,,0.44
2023/9/29,0,0,0,,0
2023/9/30,0,0,0,,0
2023/10/1,0,0,0,,0
2023/10/2,0,0,0,,0.01
2023/10/3,0,0,0,,0
2023/10/4,0,0,0,,0
2023/10/5,0.82,0.97,0.79,,0.96
2023/10/6,0.09,0.07,0.11,,0.01
2023/10/7,0.11,0.01,0.03,,0
2023/10/8,0,0,0,,0
2023/10/9,0,0,0,,0
2023/10/10,0,0.01,0.02,,0
2023/10/11,0,0,0,,0
2023/10/12,0,0,0,,0
2023/10/13,0.04,0.05,0.04,,0
2023/10/14,0.31,0.41,0.37,,0
2023/10/15,0,0.01,0.01,,0
2023/10/16,0,0,0,,0
2023/10/17,0,0,0,,0
2023/10/18,0,0,0.17,,0.17