Collection Date/Time,Delivered water
2014/1/1 0:00,8.1722525
2014/1/2 0:00,6.6000326
2014/1/3 0:00,6.7685952
2014/1/4 0:00,7.2832596
2014/1/5 0:00,7.6354575
2014/1/6 0:00,6.4491247
2014/1/7 0:00,8.30867
2014/1/8 0:00,7.91088
2014/1/9 0:00,8.636612
2014/1/10 0:00,8.867832
2014/1/11 0:00,7.7421525
2014/1/12 0:00,8.581313
2014/1/13 0:00,8.586883
2014/1/14 0:00,8.638446
2014/1/15 0:00,8.004208
2014/1/16 0:00,7.7861086
2014/1/17 0:00,7.5026987
2014/1/18 0:00,7.5885002
2014/1/19 0:00,6.8485406
2014/1/20 0:00,8.200776
2014/1/21 0:00,7.7353759
2014/1/22 0:00,8.32015
2014/1/23 0:00,8.576823
2014/1/24 0:00,8.1414718
2014/1/25 0:00,7.6879554
2014/1/26 0:00,7.4517921
2014/1/27 0:00,7.5297515
2014/1/28 0:00,9.1437552
2014/1/29 0:00,8.19285
2014/1/30 0:00,8.430542
2014/1/31 0:00,12.8540797
2014/2/1 0:00,11.6613621
2014/2/2 0:00,12.2695902
2014/2/3 0:00,14.055568
2014/2/4 0:00,11.7994973
2014/2/4 0:00,11.7994973
2014/2/4 0:00,11.7994973
2014/2/4 0:00,11.7994973
2014/2/5 0:00,12.5157683
2014/2/6 0:00,13.8589739
2014/2/7 0:00,13.6023463
2014/2/8 0:00,11.4395667
2014/2/9 0:00,11.9210729
2014/2/10 0:00,14.257155
2014/2/11 0:00,14.475561
2014/2/12 0:00,13.0578902
2014/2/13 0:00,13.365777
2014/2/14 0:00,13.733946
2014/2/15 0:00,12.5297219
2014/2/16 0:00,12.379314
2014/2/17 0:00,14.131053
2014/2/18 0:00,12.9348276
2014/2/20 0:00,12.1750173
2014/2/19 0:00,9.874904
2014/2/19 0:00,12.912685
2014/2/21 0:00,13.1056392
2014/2/22 0:00,12.7454439
2014/2/23 0:00,12.545364
2014/2/24 0:00,13.0810613
2014/2/25 0:00,13.7607849
2014/2/26 0:00,13.1938337
2014/2/27 0:00,13.49257
2014/2/28 0:00,13.696344
2014/3/1 0:00,11.868145
2014/3/2 0:00,11.4425375
2014/3/3 0:00,13.0368887
2014/3/4 0:00,13.4768264
2014/3/5 0:00,11.6453752
2014/3/6 0:00,11.069536
2014/3/7 0:00,12.3971018
2014/3/8 0:00,12.3053605
2014/3/9 0:00,10.3015201
2014/3/10 0:00,13.944704
2014/3/11 0:00,13.221821
2014/3/12 0:00,13.2949118
2014/3/13 0:00,12.4920825
2014/3/14 0:00,13.106095
2014/3/15 0:00,12.980421
2014/3/16 0:00,13.5263153
2014/3/17 0:00,13.449501
2014/3/18 0:00,13.278976
2014/3/19 0:00,13.209095
2014/3/20 0:00,12.5671658
2014/3/21 0:00,12.4454194
2014/3/22 0:00,13.0593492
2014/3/23 0:00,14.2150824
2014/3/25 0:00,13.2897632
2014/3/26 0:00,13.0713078
2014/3/27 0:00,13.489802
2014/3/28 0:00,12.9424071
2014/3/29 0:00,13.014015
2014/3/30 0:00,12.4238451
2014/3/31 0:00,12.9173995
2014/4/1 0:00,12.7055101
2014/4/1 0:00,12.7055101
2014/4/2 0:00,13.0044521
2014/4/3 0:00,13.5206642
2014/4/4 0:00,12.7815194
2014/4/5 0:00,11.3647016
2014/4/6 0:00,13.1070659
2014/3/24 0:00,12.1917612
2014/4/7 0:00,13.6861347
2014/4/8 0:00,12.4178886
2014/4/9 0:00,12.9882892
2014/4/10 0:00,13.609163
2014/4/11 0:00,12.6095873
2014/4/12 0:00,12.3043785
2014/4/13 0:00,13.3540128
2014/4/14 0:00,13.227006
2014/4/15 0:00,12.1285196
2014/4/16 0:00,14.155029
2014/4/17 0:00,13.754853
2014/4/18 0:00,12.921913
2014/4/19 0:00,11.7750907
2014/4/20 0:00,13.3497126
2014/4/21 0:00,13.729146
2014/4/22 0:00,13.6553347
2014/4/23 0:00,12.959144
2014/4/24 0:00,13.797359
2014/4/25 0:00,12.6988516
2014/4/26 0:00,12.1081547
2014/4/27 0:00,12.3443788
2014/4/28 0:00,12.7007842
2014/4/29 0:00,12.8839595
2014/4/30 0:00,12.9046015
2014/5/1 0:00,14.444124
2014/5/2 0:00,13.4493116
2014/5/3 0:00,10.2400766
2014/5/4 0:00,12.1054869
2014/5/5 0:00,13.838221
2014/5/6 0:00,11.8430736
2014/5/7 0:00,13.1869483
2014/5/8 0:00,12.8189964
2014/5/9 0:00,13.442552
2014/5/10 0:00,13.331993
2014/5/11 0:00,11.817589
2014/5/12 0:00,14.067185
2014/5/13 0:00,13.619651
2014/5/14 0:00,13.471536
2014/5/15 0:00,12.9914496
2014/5/16 0:00,13.0091863
2014/5/17 0:00,11.6401761
2014/5/18 0:00,12.0518633
2014/5/19 0:00,13.462974
2014/5/20 0:00,14.758081
2014/5/21 0:00,13.810579
2014/5/22 0:00,13.179253
2014/5/23 0:00,13.0549726
2014/5/24 0:00,12.9073644
2014/5/25 0:00,13.96628
2014/5/26 0:00,14.473536
2014/5/27 0:00,16.469384
2014/5/28 0:00,14.992608
2014/5/29 0:00,13.674438
2014/5/30 0:00,13.618801
2014/5/31 0:00,15.484763
2014/6/1 0:00,15.407544
2014/6/2 0:00,15.127296
2014/6/3 0:00,15.315443
2014/6/4 0:00,13.579223
2014/6/5 0:00,14.378962
2014/6/6 0:00,16.366702
2014/6/7 0:00,13.6923078
2014/6/8 0:00,13.570269
2014/6/9 0:00,14.868966
2014/6/10 0:00,16.757326
2014/6/11 0:00,15.751429
2014/6/12 0:00,14.947315
2014/6/13 0:00,13.9199202
2014/6/14 0:00,14.363717
2014/6/15 0:00,14.277703
2014/6/16 0:00,16.908459
2014/6/17 0:00,19.017031
2014/6/18 0:00,17.755584
2014/6/19 0:00,15.605242
2014/6/20 0:00,14.4495729
2014/6/21 0:00,13.6476902
2014/6/22 0:00,13.4374225
2014/6/23 0:00,17.221391
2014/6/24 0:00,15.86662
2014/6/25 0:00,14.6976362
2014/6/26 0:00,16.473378
2014/6/27 0:00,15.6931422
2014/6/28 0:00,14.3151489
2014/6/29 0:00,15.163813
2014/6/30 0:00,15.888459
2014/7/1 0:00,16.374614
2014/7/2 0:00,15.588156
2014/7/3 0:00,14.072543
2014/7/4 0:00,13.683493
2014/7/5 0:00,14.19193
2014/7/6 0:00,14.644478
2014/7/7 0:00,16.682073
2014/7/8 0:00,15.100379
2014/7/9 0:00,15.025179
2014/7/10 0:00,15.384592
2014/7/11 0:00,15.894924
2014/7/12 0:00,15.694018
2014/7/13 0:00,16.239516
2014/7/14 0:00,16.023339
2014/7/15 0:00,15.653055
2014/7/16 0:00,15.200313
2014/7/17 0:00,15.399197
2014/7/18 0:00,17.447318
2014/7/19 0:00,15.327385
2014/7/20 0:00,16.657717
2014/7/21 0:00,17.763401
2014/7/22 0:00,19.17392
2014/7/23 0:00,18.575416
2014/7/24 0:00,16.726902
2014/7/25 0:00,17.900393
2014/7/26 0:00,16.80884
2014/7/27 0:00,15.745724
2014/7/28 0:00,17.153867
2014/7/29 0:00,14.528832
2014/7/30 0:00,15.685481
2014/7/31 0:00,16.564653
2014/8/1 0:00,18.256167
2014/8/2 0:00,16.27371
2014/8/3 0:00,16.796989
2014/8/4 0:00,17.230583
2014/8/5 0:00,17.855328
2014/8/6 0:00,16.136166
2014/8/7 0:00,18.461643
2014/8/8 0:00,18.102923
2014/8/9 0:00,18.461129
2014/8/10 0:00,18.481541
2014/8/11 0:00,18.520729
2014/8/12 0:00,13.979518
2014/8/13 0:00,13.7663118
2014/8/14 0:00,16.383088
2014/8/15 0:00,15.81592
2014/8/16 0:00,14.280492
2014/8/17 0:00,14.551425
2014/8/18 0:00,15.97803
2014/8/19 0:00,14.823192
2014/8/20 0:00,15.100906
2014/8/21 0:00,16.562979
2014/8/22 0:00,16.209733
2014/8/23 0:00,12.981212
2014/8/24 0:00,15.80575
2014/8/25 0:00,18.145921
2014/8/26 0:00,16.2598
2014/8/27 0:00,15.811346
2014/8/28 0:00,16.352986
2014/8/29 0:00,15.338202
2014/8/30 0:00,16.119438
2014/8/31 0:00,14.368577
2014/9/1 0:00,15.393845
2014/9/2 0:00,17.737302
2014/9/3 0:00,17.612538
2014/9/4 0:00,15.161236
2014/9/5 0:00,17.057307
2014/9/6 0:00,16.993364
2014/9/7 0:00,13.310011
2014/9/8 0:00,17.418083
2014/9/9 0:00,16.92972
2014/9/10 0:00,15.398097
2014/9/11 0:00,15.763247
2014/9/12 0:00,15.83718
2014/9/13 0:00,13.207902
2014/9/14 0:00,14.115853
2014/9/15 0:00,15.066816
2014/9/16 0:00,13.229605
2014/9/17 0:00,14.261242
2014/9/18 0:00,14.505645
2014/9/19 0:00,14.551741
2014/9/20 0:00,14.217604
2014/9/21 0:00,14.266845
2014/9/22 0:00,14.154182
2014/9/23 0:00,13.706545
2014/9/24 0:00,13.7358028
2014/9/25 0:00,14.929524
2014/9/26 0:00,15.130337
2014/9/27 0:00,14.162123
2014/9/28 0:00,13.887293
2014/9/29 0:00,14.883686
2014/9/30 0:00,14.090791
2014/10/1 0:00,13.367299
2014/10/2 0:00,14.749484
2014/10/3 0:00,14.432202
2014/10/4 0:00,12.4504842
2014/10/5 0:00,10.8089343
2014/10/6 0:00,13.671836
2014/10/7 0:00,14.752203
2014/10/8 0:00,13.174189
2014/10/9 0:00,11.9144462
2014/10/10 0:00,13.5539
2014/10/11 0:00,14.274739
2014/10/12 0:00,12.0232864
2014/10/13 0:00,12.999927
2014/10/14 0:00,12.1251756
2014/10/15 0:00,14.102144
2014/10/16 0:00,11.946326
2014/10/17 0:00,13.0391525
2014/10/18 0:00,13.363321
2014/10/19 0:00,10.6701074
2014/10/20 0:00,12.4284616
2014/10/21 0:00,12.5124291
2014/10/22 0:00,12.5551959
2014/10/23 0:00,12.3676729
2014/10/24 0:00,11.5343111
2014/10/25 0:00,12.5262513
2014/10/26 0:00,13.088831
2014/10/27 0:00,12.329495
2014/10/28 0:00,12.457085
2014/10/29 0:00,14.1113777
2014/10/30 0:00,16.0115064
2014/10/31 0:00,16.80057
2014/11/1 0:00,14.4793267
2014/11/2 0:00,7.880287
2014/11/3 0:00,9.5700629
2014/11/4 0:00,8.5910818
2014/11/5 0:00,8.8731374
2014/11/6 0:00,9.0948647
2014/11/7 0:00,8.4788669
2014/11/8 0:00,7.3737737
2014/11/9 0:00,7.3664739
2014/11/10 0:00,12.608587
2014/11/11 0:00,16.166793
2014/11/12 0:00,16.0563159
2014/11/13 0:00,14.734429
2014/11/14 0:00,13.7089809
2014/11/15 0:00,13.2772544
2014/11/16 0:00,12.4714343
2014/11/17 0:00,12.1987006
2014/11/18 0:00,13.297237
2014/11/19 0:00,14.016101
2014/11/20 0:00,13.5021092
2014/11/21 0:00,13.675903
2014/11/22 0:00,16.0172541
2014/11/23 0:00,15.3972916
2014/11/24 0:00,15.4653984
2014/11/25 0:00,14.0878718
2014/11/26 0:00,16.0268301
2014/11/27 0:00,14.6019005
2014/11/28 0:00,13.2898632
2014/11/29 0:00,10.7938178
2014/11/30 0:00,12.0132834
2014/12/1 0:00,13.038369
2014/12/2 0:00,13.4717074
2014/12/3 0:00,12.5150488
2014/12/4 0:00,14.684597
2014/12/5 0:00,15.1181087
2014/12/7 0:00,12.6722325
2014/12/8 0:00,7.90817
2014/12/9 0:00,7.6854098
2014/12/10 0:00,19.3364954
2014/12/11 0:00,12.9369101
2014/12/12 0:00,12.7737033
2014/12/13 0:00,14.5382273
2014/12/14 0:00,12.7563841
2014/12/15 0:00,14.1146862
2014/12/16 0:00,13.1256946
2014/12/17 0:00,11.5757923
2014/12/18 0:00,14.2610075
2014/12/19 0:00,12.2772873
2014/12/20 0:00,10.1784632
2014/12/21 0:00,10.5498072
2014/12/22 0:00,11.0100137
2014/12/23 0:00,12.3861383
2014/12/24 0:00,10.3979292
2014/12/25 0:00,8.8066306
2014/12/26 0:00,9.8589917
2014/12/27 0:00,9.7535822
2014/12/28 0:00,10.3194647
2014/12/29 0:00,10.9698209
2014/12/30 0:00,10.8035209
2014/12/31 0:00,9.8895478
2015/1/1 0:00,9.9901345
2015/1/2 0:00,9.8541257
2015/1/3 0:00,10.1206027
2015/1/4 0:00,10.8306613
2015/1/5 0:00,12.6543149
2015/1/6 0:00,12.4109814
2015/1/7 0:00,12.0123747
2015/1/8 0:00,11.615653
2015/1/9 0:00,12.4205517
2015/1/10 0:00,12.0008583
2015/1/11 0:00,12.9923227
2015/1/12 0:00,12.786852
2015/1/13 0:00,12.7038483
2015/1/14 0:00,12.4706797
2015/1/15 0:00,13.0211336
2015/1/16 0:00,11.933321
2015/1/17 0:00,12.4268348
2015/1/18 0:00,13.696764
2015/1/19 0:00,12.6243715
2015/1/20 0:00,13.1537832
2015/1/21 0:00,12.6362735
2015/1/22 0:00,12.658449
2015/1/23 0:00,12.42972
2015/1/24 0:00,12.4261307
2015/1/25 0:00,12.3371805
2015/1/26 0:00,12.4610053
2015/1/27 0:00,12.890991
2015/1/28 0:00,13.265935
2015/1/29 0:00,13.198324
2015/1/30 0:00,12.9549848
2015/1/31 0:00,11.1940811
2015/2/1 0:00,11.5660022
2015/2/2 0:00,13.329391
2015/2/3 0:00,12.4044898
2015/2/4 0:00,11.9598985
2015/2/5 0:00,12.498191
2015/2/6 0:00,12.67828
2015/2/7 0:00,12.7384027
2015/2/8 0:00,11.2045275
2015/2/9 0:00,13.331194
2015/2/10 0:00,12.0431396
2015/2/11 0:00,12.6046775
2015/2/12 0:00,12.77261
2015/2/13 0:00,11.1460985
2015/2/14 0:00,13.5674094
2015/2/15 0:00,12.1723594
2015/2/16 0:00,13.666337
2015/2/17 0:00,12.9640398
2015/2/18 0:00,12.8303396
2015/2/19 0:00,11.1719127
2015/2/20 0:00,12.799182
2015/2/21 0:00,12.7979035
2015/2/22 0:00,11.6806253
2015/2/23 0:00,12.919315
2015/2/24 0:00,14.019925
2015/2/25 0:00,11.7058282
2015/2/26 0:00,13.284237
2015/2/27 0:00,12.7077752
2015/2/28 0:00,11.33866
2015/3/1 0:00,11.3590816
2015/3/2 0:00,11.2067895
2015/3/3 0:00,12.5300356
2015/3/4 0:00,11.1525513
2015/3/5 0:00,11.48696
2015/3/6 0:00,11.4340225
2015/3/7 0:00,12.2058189
2015/3/8 0:00,11.8321173
2015/3/9 0:00,12.598924
2015/3/10 0:00,11.231277
2015/3/11 0:00,13.09059
2015/3/12 0:00,13.515078
2015/3/13 0:00,11.2416821
2015/3/14 0:00,14.705489
2015/3/15 0:00,12.3038281
2015/3/16 0:00,11.7243833
2015/3/17 0:00,13.135588
2015/3/18 0:00,13.063656
2015/3/19 0:00,12.87944
2015/3/20 0:00,12.467457
2015/3/21 0:00,13.023441
2015/3/22 0:00,12.2744065
2015/3/23 0:00,13.252365
2015/3/24 0:00,12.987775
2015/3/25 0:00,12.909088
2015/3/26 0:00,12.5136289
2015/3/27 0:00,12.225026
2015/3/28 0:00,11.5967806
2015/3/29 0:00,13.421861
2015/3/30 0:00,12.7651044
2015/3/31 0:00,12.733331
2015/4/1 0:00,12.8276373
2015/4/2 0:00,12.248562
2015/4/7 0:00,11.7369858
2015/4/8 0:00,11.3500738
2015/4/9 0:00,13.191813
2015/4/10 0:00,12.766916
2015/4/11 0:00,13.032487
2015/4/12 0:00,12.8434175
2015/4/13 0:00,13.816078
2015/4/14 0:00,12.964231
2015/4/3 0:00,13.006549
2015/4/4 0:00,12.243761
2015/4/5 0:00,11.5183008
2015/4/6 0:00,12.652999
2015/4/15 0:00,13.252006
2015/4/16 0:00,12.973562
2015/4/17 0:00,12.781841
2015/4/18 0:00,12.685269
2015/4/19 0:00,13.164105
2015/4/20 0:00,13.413539
2015/4/21 0:00,13.553323
2015/4/22 0:00,12.047856
2015/4/23 0:00,11.3718845
2015/4/24 0:00,13.11153
2015/4/25 0:00,13.047616
2015/4/26 0:00,12.3582109
2015/4/27 0:00,13.120874
2015/4/28 0:00,13.9523816
2015/4/29 0:00,14.249253
2015/4/30 0:00,13.2056926
2015/5/1 0:00,15.831117
2015/5/2 0:00,14.257569
2015/5/3 0:00,12.727033
2015/5/4 0:00,13.263976
2015/5/5 0:00,14.052706
2015/5/6 0:00,13.354395
2015/5/7 0:00,14.289331
2015/5/8 0:00,16.069461
2015/5/9 0:00,13.0062019
2015/5/10 0:00,13.376751
2015/5/11 0:00,13.018316
2015/5/12 0:00,15.21629
2015/5/13 0:00,12.3486176
2015/5/14 0:00,11.88354
2015/5/15 0:00,12.8347689
2015/5/16 0:00,13.554277
2015/5/17 0:00,14.219514
2015/5/18 0:00,15.221543
2015/5/19 0:00,14.176365
2015/5/20 0:00,11.6256523
2015/5/21 0:00,12.5430902
2015/5/22 0:00,15.315607
2015/5/23 0:00,13.3721921
2015/5/24 0:00,12.181218
2015/5/25 0:00,12.5453467
2015/5/26 0:00,15.128509
2015/5/27 0:00,15.750302
2015/5/28 0:00,13.346215
2015/5/29 0:00,14.584676
2015/5/30 0:00,14.259009
2015/5/31 0:00,13.459159
2015/6/1 0:00,12.191186
2015/6/2 0:00,14.08404
2015/6/3 0:00,14.166053
2015/6/4 0:00,14.775976
2015/6/5 0:00,15.076139
2015/6/6 0:00,15.405421
2015/6/7 0:00,14.625828
2015/6/8 0:00,15.830544
2015/6/9 0:00,13.923581
2015/6/10 0:00,13.920355
2015/6/11 0:00,16.824112
2015/6/12 0:00,14.622755
2015/6/13 0:00,13.730046
2015/6/14 0:00,12.1402276
2015/6/15 0:00,15.61125
2015/6/16 0:00,15.092581
2015/6/17 0:00,14.129008
2015/6/18 0:00,12.602097
2015/6/19 0:00,15.149228
2015/6/20 0:00,13.4409361
2015/6/21 0:00,12.4926721
2015/6/22 0:00,14.605709
2015/6/23 0:00,16.185815
2015/6/24 0:00,14.862891
2015/6/25 0:00,14.544488
2015/6/26 0:00,14.356937
2015/6/27 0:00,12.1763154
2015/6/28 0:00,12.831088
2015/6/29 0:00,14.892432
2015/6/30 0:00,14.389625
2015/7/1 0:00,12.3356397
2015/7/2 0:00,14.524507
2015/7/3 0:00,14.44033
2015/7/4 0:00,11.547052
2015/7/5 0:00,13.801972
2015/7/6 0:00,15.228723
2015/7/7 0:00,17.006422
2015/7/8 0:00,13.53292
2015/7/9 0:00,12.884172
2015/7/10 0:00,14.329302
2015/7/11 0:00,14.0685778
2015/7/12 0:00,12.1532006
2015/7/13 0:00,15.942763
2015/7/14 0:00,15.802306
2015/7/15 0:00,14.473126
2015/7/16 0:00,15.286343
2015/7/17 0:00,14.492279
2015/7/19 0:00,16.427899
2015/7/18 0:00,13.9418215
2015/7/20 0:00,14.84731
2015/7/21 0:00,15.4206
2015/7/22 0:00,17.573732
2015/7/23 0:00,16.209362
2015/7/24 0:00,18.106029
2015/7/25 0:00,17.382607
2015/7/26 0:00,17.280128
2015/7/27 0:00,18.393178
2015/7/28 0:00,18.085755
2015/7/29 0:00,20.859789
2015/7/30 0:00,15.664027
2015/7/31 0:00,16.576414
2015/8/1 0:00,17.996531
2015/8/2 0:00,17.613073
2015/8/3 0:00,15.453752
2015/8/4 0:00,15.92761
2015/8/5 0:00,17.819556
2015/8/6 0:00,15.161962
2015/8/7 0:00,18.199923
2015/8/8 0:00,17.228001
2015/8/9 0:00,15.465913
2015/8/10 0:00,17.016775
2015/8/11 0:00,14.644029
2015/8/12 0:00,15.630901
2015/8/13 0:00,16.721804
2015/8/14 0:00,16.749747
2015/8/15 0:00,16.48274
2015/8/16 0:00,17.201912
2015/8/17 0:00,20.13106
2015/8/18 0:00,17.969828
2015/8/19 0:00,17.854551
2015/8/20 0:00,18.413106
2015/8/21 0:00,14.970325
2015/8/22 0:00,14.994448
2015/8/23 0:00,14.966945
2015/8/24 0:00,16.620144
2015/8/25 0:00,14.728853
2015/8/26 0:00,14.880254
2015/8/27 0:00,14.637971
2015/8/28 0:00,16.65477
2015/8/29 0:00,16.122788
2015/8/30 0:00,14.446384
2015/8/31 0:00,17.147296
2015/9/1 0:00,19.505363
2015/9/2 0:00,20.038328
2015/9/3 0:00,19.344822
2015/9/4 0:00,16.737569
2015/9/5 0:00,14.982337
2015/9/6 0:00,16.423108
2015/9/7 0:00,17.426958
2015/9/8 0:00,19.399058
2015/9/9 0:00,18.459659
2015/9/10 0:00,16.707825
2015/9/11 0:00,16.332823
2015/9/12 0:00,15.49597
2015/9/13 0:00,14.831073
2015/9/14 0:00,17.210893
2015/9/15 0:00,16.993456
2015/9/16 0:00,17.543975
2015/9/17 0:00,18.763165
2015/9/18 0:00,17.124988
2015/9/19 0:00,17.71414
2015/9/20 0:00,14.716075
2015/9/21 0:00,15.09341
2015/9/22 0:00,15.109653
2015/9/23 0:00,18.085381
2015/9/24 0:00,16.98124
2015/9/25 0:00,16.267964
2015/9/26 0:00,17.351691
2015/9/27 0:00,15.926496
2015/9/28 0:00,16.669479
2015/9/29 0:00,16.610155
2015/10/1 0:00,15.700662
2015/10/2 0:00,14.066046
2015/10/3 0:00,14.599388
2015/10/4 0:00,14.133838
2015/10/5 0:00,14.358302
2015/10/6 0:00,15.398284
2015/9/30 0:00,15.841305
2015/10/7 0:00,15.431771
2015/10/8 0:00,15.544496
2015/10/9 0:00,15.593897
2015/10/10 0:00,14.268386
2015/10/11 0:00,14.167891
2015/10/12 0:00,15.521462
2015/10/13 0:00,15.251929
2015/10/14 0:00,13.947202
2015/10/15 0:00,12.6353488
2015/10/16 0:00,14.09643
2015/10/17 0:00,14.756554
2015/10/18 0:00,12.6484753
2015/10/19 0:00,12.9122845
2015/10/20 0:00,14.565584
2015/10/21 0:00,13.606255
2015/10/22 0:00,13.639841
2015/10/23 0:00,14.516292
2015/10/24 0:00,12.624273
2015/10/25 0:00,12.447632
2015/10/26 0:00,13.402549
2015/10/27 0:00,13.321242
2015/10/28 0:00,10.7150884
2015/10/29 0:00,13.616372
2015/10/30 0:00,13.448347
2015/10/31 0:00,11.5426508
2015/11/1 0:00,11.5426508
2015/11/2 0:00,12.6276947
2015/11/3 0:00,13.349146
2015/11/4 0:00,14.050229
2015/11/5 0:00,13.648035
2015/11/6 0:00,11.9313242
2015/11/7 0:00,14.211396
2015/11/8 0:00,12.0168314
2015/11/9 0:00,13.426824
2015/11/10 0:00,11.8450261
2015/11/11 0:00,12.1234493
2015/11/12 0:00,13.737427
2015/11/13 0:00,12.975206
2015/11/14 0:00,11.8270355
2015/11/15 0:00,12.1318694
2015/11/16 0:00,13.118489
2015/11/17 0:00,13.427821
2015/11/18 0:00,12.0888647
2015/11/19 0:00,13.620323
2015/11/20 0:00,13.307322
2015/11/21 0:00,11.2816592
2015/11/22 0:00,11.5279699
2015/11/23 0:00,13.487084
2015/11/24 0:00,12.1992573
2015/11/25 0:00,11.711777
2015/11/26 0:00,10.3764205
2015/11/27 0:00,10.4244185
2015/11/28 0:00,11.833712
2015/11/29 0:00,11.4562569
2015/11/30 0:00,11.9118937
2015/12/1 0:00,13.705407
2015/12/2 0:00,12.276808
2015/12/3 0:00,12.6598064
2015/12/4 0:00,11.9719168
2015/12/5 0:00,11.5855379
2015/12/6 0:00,13.772399
2015/12/7 0:00,13.128539
2015/12/8 0:00,11.57705
2015/12/9 0:00,12.408196
2015/12/10 0:00,13.586531
2015/12/11 0:00,11.9316034
2015/12/12 0:00,11.4884737
2015/12/13 0:00,11.8920244
2015/12/14 0:00,13.089181
2015/12/15 0:00,13.449294
2015/12/16 0:00,11.5709636
2015/12/17 0:00,11.2386046
2015/12/18 0:00,13.964474
2015/12/19 0:00,12.0672848
2015/12/20 0:00,11.9804782
2015/12/21 0:00,12.0771452
2015/12/22 0:00,11.4448139
2015/12/23 0:00,11.9490684
2015/12/24 0:00,9.5382055
2015/12/25 0:00,9.0734464
2015/12/26 0:00,8.3323992
2015/12/27 0:00,9.8115697
2015/12/28 0:00,8.5775514
2015/12/29 0:00,10.1518791
2015/12/30 0:00,11.6270665
2015/12/31 0:00,11.1453252
2016/1/1 0:00,9.3093854
2016/1/2 0:00,10.6556753
2016/1/3 0:00,11.4584131
2016/1/4 0:00,12.5053412
2016/1/5 0:00,12.1554065
2016/1/6 0:00,11.5287187
2016/1/7 0:00,14.026253
2016/1/8 0:00,12.425284
2016/1/9 0:00,11.5209615
2016/1/10 0:00,12.7556893
2016/1/11 0:00,13.301377
2016/1/12 0:00,13.648603
2016/1/13 0:00,13.80802
2016/1/14 0:00,14.281089
2016/1/15 0:00,12.910311
2016/1/16 0:00,13.4145216
2016/1/17 0:00,12.7678095
2016/1/18 0:00,14.489757
2016/1/19 0:00,14.352929
2016/1/20 0:00,12.99124
2016/1/21 0:00,13.990159
2016/1/22 0:00,13.439492
2016/1/23 0:00,12.809631
2016/1/24 0:00,13.4538378
2016/1/25 0:00,13.63814
2016/1/26 0:00,13.323155
2016/1/27 0:00,13.441355
2016/1/28 0:00,13.851802
2016/1/29 0:00,13.692165
2016/1/30 0:00,12.8418356
2016/1/31 0:00,13.6953611
2016/2/1 0:00,13.5363897
2016/2/2 0:00,11.5720902
2016/2/3 0:00,13.694727
2016/2/4 0:00,14.669546
2016/2/5 0:00,13.26881
2016/2/6 0:00,12.3139941
2016/2/7 0:00,12.7390778
2016/2/8 0:00,13.35473
2016/2/9 0:00,14.259717
2016/2/10 0:00,13.3655015
2016/2/11 0:00,13.367974
2016/2/12 0:00,12.673164
2016/2/13 0:00,13.9225124
2016/2/14 0:00,12.6316969
2016/2/15 0:00,13.3177126
2016/2/16 0:00,13.405901
2016/2/17 0:00,12.165943
2016/2/18 0:00,13.0192639
2016/2/19 0:00,15.669159
2016/2/20 0:00,12.0256626
2016/2/21 0:00,12.4598914
2016/2/22 0:00,12.0814052
2016/2/23 0:00,13.624809
2016/2/24 0:00,13.757157
2016/2/25 0:00,12.3015944
2016/2/26 0:00,12.0863111
2016/2/27 0:00,11.688208
2016/2/28 0:00,11.1808484
2016/2/29 0:00,12.1284454
2016/3/1 0:00,10.8428339
2016/3/2 0:00,10.1064442
2016/3/3 0:00,9.9009858
2016/3/4 0:00,11.897274
2016/3/5 0:00,10.7996286
2016/3/6 0:00,10.0855705
2016/3/7 0:00,12.247554
2016/3/8 0:00,12.099651
2016/3/9 0:00,12.656728
2016/3/10 0:00,12.344868
2016/3/11 0:00,12.201197
2016/3/12 0:00,12.50791
2016/3/13 0:00,12.50791
2016/3/14 0:00,11.3337482
2016/3/15 0:00,11.517269
2016/3/16 0:00,12.4452016
2016/3/17 0:00,12.0541522
2016/3/18 0:00,12.185326
2016/3/19 0:00,11.957616
2016/3/20 0:00,11.9419774
2016/3/21 0:00,11.978789
2016/3/22 0:00,12.0666942
2016/3/23 0:00,12.591369
2016/3/24 0:00,11.836241
2016/3/25 0:00,11.993996
2016/3/26 0:00,11.5282926
2016/3/27 0:00,12.519494
2016/3/28 0:00,11.3564091
2016/3/29 0:00,11.1097624
2016/3/30 0:00,12.412893
2016/3/31 0:00,12.663396
2016/4/1 0:00,12.751684
2016/4/2 0:00,12.706924
2016/4/3 0:00,12.495801
2016/4/4 0:00,12.765687
2016/4/5 0:00,10.7378952
2016/4/6 0:00,12.3795741
2016/4/7 0:00,12.813885
2016/4/8 0:00,11.879175
2016/4/9 0:00,10.441662
2016/4/10 0:00,10.9777242
2016/4/11 0:00,12.69561
2016/4/12 0:00,12.811201
2016/4/13 0:00,12.1161775
2016/4/14 0:00,13.000599
2016/4/15 0:00,12.773068
2016/4/16 0:00,11.9163606
2016/4/17 0:00,12.2812883
2016/4/18 0:00,12.697586
2016/4/19 0:00,12.66863
2016/4/20 0:00,14.31488
2016/4/21 0:00,13.990976
2016/4/22 0:00,12.182314
2016/4/23 0:00,10.6512255
2016/4/24 0:00,11.6553099
2016/4/25 0:00,14.071305
2016/4/26 0:00,13.465417
2016/4/27 0:00,12.776487
2016/4/28 0:00,12.635502
2016/4/29 0:00,12.4257009
2016/4/30 0:00,11.4114184
2016/5/1 0:00,10.8138677
2016/5/2 0:00,12.0570194
2016/5/3 0:00,12.885653
2016/5/4 0:00,11.3661133
2016/5/5 0:00,11.9977425
2016/5/6 0:00,12.38344
2016/5/7 0:00,12.3877682
2016/5/8 0:00,10.546632
2016/5/9 0:00,12.3970942
2016/5/10 0:00,13.670295
2016/5/11 0:00,11.4720954
2016/5/12 0:00,12.0711651
2016/5/13 0:00,12.8110517
2016/5/14 0:00,12.2730206
2016/5/15 0:00,12.541706
2016/5/16 0:00,12.0912058
2016/5/17 0:00,13.50796
2016/5/18 0:00,12.398853
2016/5/19 0:00,12.6131796
2016/5/20 0:00,13.282846
2016/5/21 0:00,13.443275
2016/5/22 0:00,12.804348
2016/5/23 0:00,14.745126
2016/5/24 0:00,14.714373
2016/5/25 0:00,15.300283
2016/5/26 0:00,12.9707487
2016/5/27 0:00,13.567037
2016/5/28 0:00,12.591168
2016/5/29 0:00,11.762853
2016/5/30 0:00,13.345245
2016/5/31 0:00,16.124602
2016/6/1 0:00,16.81586
2016/6/2 0:00,14.49861
2016/6/3 0:00,16.188504
2016/6/4 0:00,13.6621527
2016/6/5 0:00,14.093569
2016/6/6 0:00,13.298287
2016/6/7 0:00,14.467809
2016/6/8 0:00,14.095456
2016/6/9 0:00,14.452189
2016/6/10 0:00,15.685314
2016/6/11 0:00,16.225554
2016/6/12 0:00,14.976196
2016/6/13 0:00,16.672526
2016/6/14 0:00,15.911915
2016/6/15 0:00,15.450988
2016/6/16 0:00,15.750462
2016/6/17 0:00,13.2795456
2016/6/18 0:00,14.963605
2016/6/19 0:00,15.603705
2016/6/20 0:00,19.113422
2016/6/21 0:00,17.259282
2016/6/22 0:00,16.196096
2016/6/23 0:00,16.874848
2016/6/24 0:00,16.531204
2016/6/25 0:00,17.008904
2016/6/26 0:00,17.084539
2016/6/27 0:00,19.072033
2016/6/28 0:00,17.079997
2016/6/29 0:00,17.822537
2016/6/30 0:00,17.786972
2016/7/1 0:00,18.239261
2016/7/2 0:00,14.500543
2016/7/3 0:00,15.0131877
2016/7/4 0:00,17.9336846
2016/7/5 0:00,17.67329
2016/7/6 0:00,21.114337
2016/7/7 0:00,19.874667
2016/7/8 0:00,18.032991
2016/7/9 0:00,16.637256
2016/7/10 0:00,16.71127
2016/7/11 0:00,20.415019
2016/7/12 0:00,20.5304037
2016/7/13 0:00,19.856804
2016/7/14 0:00,17.641769
2016/7/15 0:00,19.053547
2016/7/16 0:00,18.168372
2016/7/17 0:00,16.400498
2016/7/18 0:00,20.120056
2016/7/19 0:00,19.200414
2016/7/20 0:00,20.708019
2016/7/21 0:00,20.648066
2016/7/22 0:00,18.296922
2016/7/23 0:00,18.944355
2016/7/24 0:00,19.639079
2016/7/25 0:00,18.581277
2016/7/26 0:00,18.572172
2016/7/27 0:00,21.153034
2016/7/28 0:00,21.212338
2016/7/29 0:00,19.195546
2016/7/30 0:00,17.255835
2016/7/31 0:00,16.416788
2016/8/1 0:00,18.362087
2016/8/2 0:00,18.140537
2016/8/3 0:00,18.437256
2016/8/4 0:00,19.633871
2016/8/5 0:00,20.536852
2016/8/6 0:00,18.176604
2016/8/7 0:00,18.245832
2016/8/8 0:00,19.614334
2016/8/9 0:00,20.156039
2016/8/10 0:00,20.867236
2016/8/11 0:00,21.267039
2016/8/12 0:00,21.000116
2016/8/13 0:00,18.46506
2016/8/14 0:00,15.7646159
2016/8/15 0:00,17.066087
2016/8/16 0:00,16.364635
2016/8/17 0:00,15.613881
2016/8/18 0:00,17.205725
2016/8/19 0:00,16.485032
2016/8/20 0:00,17.425341
2016/8/21 0:00,15.356199
2016/8/22 0:00,16.296512
2016/8/23 0:00,15.230779
2016/8/24 0:00,16.835162
2016/8/25 0:00,18.389472
2016/8/26 0:00,15.5034236
2016/8/27 0:00,15.193333
2016/8/28 0:00,17.668536
2016/8/29 0:00,18.257698
2016/8/30 0:00,15.227535
2016/8/31 0:00,17.811227
2016/9/1 0:00,16.736478
2016/9/2 0:00,16.512066
2016/9/3 0:00,16.390281
2016/9/4 0:00,14.633567
2016/9/5 0:00,16.718083
2016/9/6 0:00,20.031485
2016/9/7 0:00,20.085376
2016/9/8 0:00,17.472767
2016/9/9 0:00,17.7419777
2016/9/10 0:00,13.7602252
2016/9/11 0:00,14.648064
2016/9/12 0:00,16.236538
2016/9/14 0:00,15.846221
2016/9/15 0:00,15.261211
2016/9/16 0:00,15.343826
2016/9/17 0:00,15.090913
2016/9/18 0:00,15.107341
2016/9/19 0:00,17.301009
2016/9/20 0:00,16.578266
2016/9/21 0:00,14.737933
2016/9/22 0:00,17.629803
2016/9/23 0:00,17.970058
2016/9/24 0:00,16.752736
2016/9/25 0:00,15.5010368
2016/9/26 0:00,14.9150209
2016/9/27 0:00,14.823632
2016/9/28 0:00,14.697846
2016/9/29 0:00,13.5333633
2016/9/30 0:00,13.613893
2016/10/1 0:00,12.6977615
2016/10/2 0:00,13.909948
2016/9/13 0:00,17.522441
2016/10/3 0:00,14.439651
2016/10/4 0:00,13.9144611
2016/10/5 0:00,13.0298846
2016/10/6 0:00,16.06822
2016/10/7 0:00,14.425121
2016/10/8 0:00,12.2856818
2016/10/9 0:00,11.2917705
2016/10/10 0:00,14.097227
2016/10/11 0:00,15.138401
2016/10/12 0:00,14.09197
2016/10/13 0:00,13.7748805
2016/10/14 0:00,12.3764936
2016/10/15 0:00,11.934183
2016/10/16 0:00,11.5620007
2016/10/17 0:00,13.570834
2016/10/18 0:00,13.8649438
2016/10/19 0:00,14.426245
2016/10/20 0:00,12.0562715
2016/10/21 0:00,11.856589
2016/10/22 0:00,13.578641
2016/10/23 0:00,12.018166
2016/10/24 0:00,10.8476119
2016/10/25 0:00,10.2189258
2016/10/26 0:00,10.8020242
2016/10/27 0:00,10.7512963
2016/10/28 0:00,10.7829445
2016/10/29 0:00,10.40259182
2016/10/30 0:00,9.9452974
2016/10/31 0:00,10.0918205
2016/11/1 0:00,10.6996017
2016/11/2 0:00,11.0272533
2016/11/3 0:00,11.2592573
2016/11/4 0:00,10.9853691
2016/11/5 0:00,10.1879902
2016/11/6 0:00,10.125967
2016/11/7 0:00,9.7674588
2016/11/8 0:00,10.54276163
2016/11/9 0:00,13.277192
2016/11/10 0:00,12.269165
2016/11/11 0:00,11.6892185
2016/11/12 0:00,12.6104802
2016/11/13 0:00,12.2868428
2016/11/14 0:00,12.733632
2016/11/15 0:00,10.5450453
2016/11/16 0:00,13.943332
2016/11/17 0:00,12.0490886
2016/11/18 0:00,11.727574
2016/11/19 0:00,13.225741
2016/11/20 0:00,11.7216706
2016/11/21 0:00,11.9184681
2016/11/22 0:00,12.221887
2016/11/23 0:00,12.853774
2016/11/24 0:00,8.98458195
2016/11/25 0:00,9.0320007
2016/11/26 0:00,10.7796634
2016/11/27 0:00,9.955919
2016/11/27 0:00,9.955919
2016/11/28 0:00,11.3648984
2016/11/29 0:00,12.1857249
2016/11/30 0:00,12.876914
2016/12/5 0:00,12.6117061
2016/12/6 0:00,11.7480039
2016/12/7 0:00,11.7569144
2016/12/8 0:00,13.279975
2016/12/9 0:00,13.590209
2016/12/10 0:00,11.1139897
2016/12/11 0:00,11.6018444
2016/12/1 0:00,12.953256
2016/12/2 0:00,11.8908148
2016/12/4 0:00,11.714564
2016/12/12 0:00,11.8886011
2016/12/3 0:00,11.3830414
2016/12/13 0:00,12.5237761
2016/12/14 0:00,12.0353629
2016/12/15 0:00,11.902206
2016/12/16 0:00,13.633919
2016/12/17 0:00,11.6693873
2016/12/18 0:00,11.2107865
2016/12/19 0:00,12.64801
2016/12/20 0:00,12.734815
2016/12/21 0:00,12.712137
2016/12/22 0:00,10.9047654
2016/12/23 0:00,9.9537576
2016/12/24 0:00,10.4289313
2016/12/25 0:00,9.3974142
2016/12/26 0:00,9.6018777
2016/12/27 0:00,9.9555707
2016/12/28 0:00,11.1745265
2016/12/29 0:00,11.0103921
2016/12/31 0:00,9.6996381
2017/1/1 0:00,10.0197219
2017/1/2 0:00,10.7029999
2017/1/3 0:00,11.6689366
2017/1/4 0:00,11.8662985
2017/1/5 0:00,12.921262
2016/12/30 0:00,10.2298836
2017/1/6 0:00,11.7725162
2017/1/7 0:00,13.5718244
2017/1/8 0:00,13.1525314
2017/1/9 0:00,11.8808461
2017/1/10 0:00,12.55856
2017/1/11 0:00,11.457628
2017/1/12 0:00,12.6503444
2017/1/13 0:00,12.6792802
2017/1/14 0:00,12.7718219
2017/1/15 0:00,11.4330184
2017/1/16 0:00,13.1613869
2017/1/17 0:00,11.2640543
2017/1/18 0:00,11.6541611
2017/1/19 0:00,12.985352
2017/1/20 0:00,12.883597
2017/1/21 0:00,11.8711786
2017/1/22 0:00,11.3518636
2017/1/23 0:00,11.5960446
2017/1/24 0:00,12.525873
2017/1/26 0:00,13.029403
2017/1/27 0:00,11.8340803
2017/1/28 0:00,11.9390061
2017/1/29 0:00,12.2575372
2017/1/30 0:00,12.6292119
2017/1/31 0:00,12.6790979
2017/2/1 0:00,11.9986723
2017/1/25 0:00,12.0556949
2017/2/2 0:00,12.558609
2017/2/3 0:00,12.3855495
2017/2/4 0:00,12.0395341
2017/2/5 0:00,13.725578
2017/2/6 0:00,12.1490529
2017/2/7 0:00,12.1529618
2017/2/8 0:00,12.507174
2017/2/9 0:00,12.2948676
2017/2/10 0:00,12.2825616
2017/2/11 0:00,11.0954577
2017/2/12 0:00,10.9026431
2017/2/13 0:00,12.4307335
2017/2/14 0:00,13.0735014
2017/2/15 0:00,11.6888545
2017/2/16 0:00,13.563322
2017/2/17 0:00,12.0578547
2017/2/18 0:00,12.131856
2017/2/19 0:00,12.4767752
2017/2/20 0:00,12.9844873
2017/2/21 0:00,12.1089093
2017/2/22 0:00,12.3009537
2017/2/23 0:00,12.3197766
2017/2/24 0:00,12.3353651
2017/2/25 0:00,11.0863615
2017/2/27 0:00,11.5054136
2017/2/28 0:00,10.954821
2017/3/1 0:00,9.5749241
2017/2/26 0:00,10.2364177
2017/3/2 0:00,10.6355865
2017/3/3 0:00,11.6357657
2017/3/4 0:00,11.4290968
2017/3/5 0:00,10.5001648
2017/3/6 0:00,12.6519235
2017/3/7 0:00,12.4275353
2017/3/8 0:00,12.7464157
2017/3/9 0:00,12.9113262
2017/3/10 0:00,12.6228146
2017/3/11 0:00,12.8813469
2017/3/12 0:00,12.8813469
2017/3/13 0:00,11.4894505
2017/3/14 0:00,12.30676
2017/3/15 0:00,12.381796
2017/3/16 0:00,13.3341114
2017/3/17 0:00,11.8511345
2017/3/18 0:00,11.4294847
2017/3/19 0:00,12.0630523
2017/3/21 0:00,11.5811353
2017/3/22 0:00,12.4303559
2017/3/24 0:00,12.7729348
2017/3/25 0:00,7.139266
2017/3/22 0:00,12.4303559
2017/3/23 0:00,12.4462271
2017/3/20 0:00,12.4143082
2017/3/25 0:00,11.549495
2017/3/26 0:00,11.5487377
2017/3/27 0:00,12.5306963
2017/3/28 0:00,12.5834065
2017/3/31 0:00,12.624229
2017/3/29 0:00,11.3422049
2017/3/30 0:00,12.4255912
2017/4/1 0:00,11.361653
2017/4/2 0:00,10.7767558
2017/4/3 0:00,12.4026867
2017/4/1 0:00,11.361653
2017/4/2 0:00,10.7767558
2017/4/3 0:00,7.427089
2017/4/4 0:00,12.4835387
2017/4/5 0:00,12.4866621
2017/4/7 0:00,10.5366855
2017/4/8 0:00,12.3626186
2017/4/12 0:00,12.7672055
2017/4/14 0:00,12.0263562
2017/4/15 0:00,12.1767731
2017/4/19 0:00,12.336328
2017/4/19 0:00,4.598703
2017/4/20 0:00,12.0925151
2017/4/21 0:00,13.177621
2017/4/22 0:00,11.9830788
2017/4/23 0:00,12.7084728
2017/4/24 0:00,12.5933473
2017/4/26 0:00,13.969143
2017/4/27 0:00,14.970939
2017/4/28 0:00,12.6859489
2017/4/29 0:00,12.0032756
2017/4/30 0:00,10.934056
2017/4/6 0:00,12.015564
2017/4/17 0:00,13.223576
2017/4/16 0:00,12.3652022
2017/4/13 0:00,12.910251
2017/4/10 0:00,13.735109
2017/4/9 0:00,12.6842519
2017/4/11 0:00,13.1119085
2017/4/18 0:00,13.593982
2017/4/25 0:00,13.1152781
2017/5/1 0:00,4.874134
2017/5/1 0:00,12.8795171
2017/5/2 0:00,12.7910937
2017/5/3 0:00,11.9754301
2017/5/4 0:00,10.8454402
2017/5/5 0:00,12.7886859
2017/5/6 0:00,11.3054335
2017/5/7 0:00,10.7466244
2017/5/8 0:00,10.923602
2017/5/9 0:00,12.8259401
2017/5/10 0:00,14.675723
2017/5/11 0:00,12.7819676
2017/5/12 0:00,11.7128782
2017/5/13 0:00,11.9184623
2017/5/14 0:00,12.5855008
2017/5/15 0:00,12.6872036
2017/5/16 0:00,13.3950439
2017/5/17 0:00,15.41715
2017/5/18 0:00,14.7354128
2017/5/19 0:00,11.4691135
2017/5/20 0:00,13.4803166
2017/5/21 0:00,13.876296
2017/5/22 0:00,12.0689333
2017/5/23 0:00,12.1514353
2017/5/24 0:00,14.068579
2017/5/25 0:00,13.778017
2017/5/26 0:00,12.3197817
2017/5/27 0:00,11.7465524
2017/5/28 0:00,12.1912634
2017/5/29 0:00,12.299876
2017/5/30 0:00,13.232062
2017/5/31 0:00,14.586572
2017/6/1 0:00,4.918861
2017/6/1 0:00,12.6216875
2017/6/2 0:00,15.247421
2017/6/3 0:00,15.627932
2017/6/4 0:00,13.7880135
2017/6/5 0:00,15.678521
2017/6/6 0:00,15.893532
2017/6/7 0:00,14.3217226
2017/6/8 0:00,16.513744
2017/6/9 0:00,17.046675
2017/6/10 0:00,15.747622
2017/6/11 0:00,18.016679
2017/6/12 0:00,20.413994
2017/6/13 0:00,20.712964
2017/6/14 0:00,19.86657
2017/6/15 0:00,18.425744
2017/6/16 0:00,18.627799
2017/6/17 0:00,18.455221
2017/6/18 0:00,17.773895
2017/6/19 0:00,18.075392
2017/6/20 0:00,17.341127
2017/6/21 0:00,18.583769
2017/6/22 0:00,16.681774
2017/6/23 0:00,16.010793
2017/6/24 0:00,15.4564996
2017/6/25 0:00,15.46703
2017/6/26 0:00,17.535694
2017/6/27 0:00,15.313841
2017/6/28 0:00,17.60869
2017/6/29 0:00,19.11384
2017/6/30 0:00,17.511491
2017/7/1 0:00,15.020893
2017/7/2 0:00,15.539954
2017/7/3 0:00,17.640445
2017/7/4 0:00,15.2035
2017/7/5 0:00,18.870393
2017/7/6 0:00,20.88149
2017/7/7 0:00,18.267168
2017/7/8 0:00,15.011399
2017/7/9 0:00,15.219785
2017/7/10 0:00,18.127612
2017/7/11 0:00,16.272969
2017/7/12 0:00,15.790505
2017/7/13 0:00,17.763403
2017/7/14 0:00,17.454022
2017/7/15 0:00,15.1661291
2017/7/16 0:00,15.349311
2017/7/17 0:00,17.575251
2017/7/18 0:00,18.292457
2017/7/19 0:00,18.612326
2017/7/20 0:00,20.078524
2017/7/21 0:00,20.036628
2017/7/23 0:00,15.807767
2017/7/24 0:00,19.600106
2017/7/25 0:00,17.467397
2017/7/26 0:00,17.685034
2017/7/27 0:00,18.764131
2017/7/28 0:00,18.709719
2017/7/29 0:00,17.992084
2017/7/30 0:00,18.989945
2017/7/31 0:00,19.345151
2017/8/1 0:00,21.716777
2017/8/2 0:00,19.812914
2017/7/22 0:00,17.231786
2017/8/3 0:00,18.303034
2017/8/4 0:00,17.925595
2017/8/5 0:00,16.380258
2017/8/6 0:00,16.881526
2017/8/7 0:00,18.0053454
2017/8/8 0:00,19.317085
2017/8/9 0:00,18.375953
2017/8/10 0:00,19.796068
2017/8/11 0:00,20.050594
2017/8/12 0:00,17.162321
2017/8/13 0:00,16.353107
2017/8/14 0:00,20.01296
2017/8/15 0:00,19.301188
2017/8/16 0:00,17.358751
2017/8/17 0:00,17.334907
2017/8/18 0:00,15.382505
2017/8/20 0:00,15.741971
2017/8/21 0:00,18.741878
2017/8/22 0:00,18.146822
2017/8/23 0:00,15.947735
2017/8/24 0:00,15.7453541
2017/8/25 0:00,16.213951
2017/8/26 0:00,18.340413
2017/8/27 0:00,16.351152
2017/8/19 0:00,15.358865
2017/8/28 0:00,14.9892091
2017/8/29 0:00,15.550703
2017/8/30 0:00,15.110717
2017/8/31 0:00,15.896164
2017/9/1 0:00,16.23261
2017/9/2 0:00,14.758038
2017/9/3 0:00,14.495769
2017/9/4 0:00,16.499189
2017/9/5 0:00,15.281679
2017/9/7 0:00,15.308124
2017/9/8 0:00,14.543054
2017/9/9 0:00,15.110159
2017/9/10 0:00,15.216577
2017/9/11 0:00,16.954572
2017/9/12 0:00,15.366877
2017/9/13 0:00,16.888135
2017/9/14 0:00,16.329667
2017/9/15 0:00,16.903586
2017/9/16 0:00,16.138922
2017/9/17 0:00,17.450879
2017/9/18 0:00,17.890971
2017/9/19 0:00,15.855484
2017/9/20 0:00,16.3823
2017/9/21 0:00,18.431315
2017/9/22 0:00,18.062839
2017/9/23 0:00,17.212827
2017/9/24 0:00,17.894297
2017/9/25 0:00,19.391681
2017/9/26 0:00,18.944552
2017/9/27 0:00,17.779311
2017/9/28 0:00,15.1929613
2017/9/6 0:00,15.279104
2017/9/29 0:00,16.2008285
2017/9/30 0:00,14.3563415
2017/10/1 0:00,14.6885668
2017/10/2 0:00,16.6566207
2017/10/3 0:00,16.373135
2017/10/4 0:00,16.976387
2017/10/5 0:00,15.5064774
2017/10/6 0:00,14.6144761
2017/10/7 0:00,16.0174173
2017/10/8 0:00,14.9244585
2017/10/9 0:00,15.1494594
2017/10/10 0:00,15.0902972
2017/10/11 0:00,13.3348033
2017/10/12 0:00,14.3896084
2017/10/13 0:00,13.0075261
2017/10/14 0:00,12.8812531
2017/10/15 0:00,11.6629707
2017/10/16 0:00,12.9015931
2017/10/17 0:00,13.3727861
2017/10/19 0:00,13.618867
2017/10/23 0:00,14.0591496
2017/10/28 0:00,14.657726
2017/10/29 0:00,13.5534904
2017/10/18 0:00,13.5710018
2017/10/20 0:00,14.6172824
2017/10/21 0:00,12.8162779
2017/10/24 0:00,12.479736
2017/10/25 0:00,12.0823421
2017/10/26 0:00,13.6191537
2017/10/27 0:00,13.4522003
2017/10/22 0:00,13.0849512
2017/10/30 0:00,12.7300464
2017/10/31 0:00,12.5791705
2017/11/1 0:00,12.465399
2017/11/2 0:00,12.6199437
2017/11/3 0:00,12.6273481
2017/11/4 0:00,10.9289062
2017/11/5 0:00,13.0422698
2017/11/6 0:00,12.9481984
2017/11/7 0:00,13.677724
2017/11/9 0:00,13.580786
2017/11/10 0:00,11.8353214
2017/11/11 0:00,12.0584147
2017/11/12 0:00,12.439498
2017/11/13 0:00,13.975408
2017/11/14 0:00,12.6941747
2017/11/15 0:00,12.0083387
2017/11/16 0:00,12.5795007
2017/11/17 0:00,12.1281547
2017/11/18 0:00,11.449067
2017/11/19 0:00,13.0650419
2017/11/20 0:00,13.8016109
2017/11/21 0:00,11.9284756
2017/11/22 0:00,12.0462572
2017/11/23 0:00,9.67068083
2017/11/24 0:00,10.9677675
2017/11/25 0:00,11.1037176
2017/11/26 0:00,11.3862472
2017/11/8 0:00,13.661818
2017/11/27 0:00,14.264261
2017/11/28 0:00,12.1234254
2017/11/29 0:00,12.7625312
2017/11/30 0:00,12.6072456
2017/12/1 0:00,11.7643042
2017/12/2 0:00,12.4566831
2017/12/3 0:00,12.8073287
2017/12/4 0:00,13.4269395
2017/12/5 0:00,12.2169263
2017/12/6 0:00,12.6905096
2017/12/7 0:00,12.1760588
2017/12/8 0:00,12.697441
2017/12/9 0:00,12.1684822
2017/12/11 0:00,13.3469828
2017/12/12 0:00,12.1038916
2017/12/13 0:00,11.5207601
2017/12/10 0:00,11.6242819
2017/12/14 0:00,12.8594952
2017/12/15 0:00,12.0302986
2017/12/16 0:00,11.6706506
2017/12/17 0:00,12.339444
2017/12/18 0:00,11.587666
2017/12/19 0:00,12.0851147
2017/12/20 0:00,11.9072509
2017/12/21 0:00,10.7750082
2017/12/22 0:00,11.5851809
2017/12/23 0:00,9.0240419
2017/12/24 0:00,9.52543889
2017/12/25 0:00,8.68642634
2017/12/26 0:00,10.5301104
2017/12/27 0:00,10.3635766
2017/12/28 0:00,9.62228848
2017/12/29 0:00,11.2462324
2017/12/30 0:00,11.4187862
2017/12/31 0:00,9.9746562
2018/1/1 0:00,12.0285991
2018/1/2 0:00,11.2343065
2018/1/3 0:00,11.6108112
2018/1/4 0:00,12.9874145
2018/1/5 0:00,12.6394155
2018/1/6 0:00,12.6621348
2018/1/7 0:00,12.6127056
2018/1/8 0:00,12.8371122
2018/1/9 0:00,14.0772048
2018/1/10 0:00,13.518046
2018/1/11 0:00,13.263163
2018/1/12 0:00,12.4907673
2018/1/13 0:00,11.5018403
2018/1/14 0:00,12.6429878
2018/1/15 0:00,14.273554
2018/1/16 0:00,12.4718816
2018/1/17 0:00,12.8605486
2018/1/18 0:00,12.9707991
2018/1/19 0:00,12.7815086
2018/1/20 0:00,13.3158846
2018/1/21 0:00,13.1059998
2018/1/22 0:00,13.0928019
2018/1/23 0:00,12.6902736
2018/1/24 0:00,12.8579323
2018/1/25 0:00,13.2933234
2018/1/26 0:00,11.7919484
2018/1/27 0:00,12.666564
2018/1/28 0:00,12.8584317
2018/1/29 0:00,12.3773195
2018/1/30 0:00,12.7906053
2018/1/31 0:00,13.0494606
2018/2/1 0:00,13.3335795
2018/2/2 0:00,13.645409
2018/2/3 0:00,11.8911542
2018/2/4 0:00,12.7724352
2018/2/5 0:00,13.0901706
2018/2/6 0:00,12.457138
2018/2/7 0:00,12.9470897
2018/2/8 0:00,12.9458239
2018/2/9 0:00,12.7337664
2018/2/10 0:00,12.2188461
2018/2/11 0:00,12.8770274
2018/2/12 0:00,12.7654547
2018/2/13 0:00,12.6721732
2018/2/14 0:00,13.0330717
2018/2/15 0:00,12.2802334
2018/2/16 0:00,13.0471026
2018/2/17 0:00,12.5815318
2018/2/18 0:00,12.7719619
2018/2/19 0:00,12.9751131
2018/2/20 0:00,12.7440218
2018/2/21 0:00,12.7097502
2018/2/22 0:00,13.1949469
2018/2/23 0:00,11.2408166
2018/2/24 0:00,10.6119953
2018/2/25 0:00,10.7060601
2018/2/26 0:00,11.6226125
2018/2/27 0:00,12.0031134
2018/2/28 0:00,11.369492
2018/3/1 0:00,11.1020489
2018/3/2 0:00,11.6604645
2018/3/3 0:00,10.1412281
2018/3/4 0:00,12.2941248
2018/3/5 0:00,12.5645923
2018/3/6 0:00,12.7763075
2018/3/7 0:00,12.970362
2018/3/8 0:00,12.7613364
2018/3/9 0:00,12.1631461
2018/3/10 0:00,12.6938316
2018/3/12 0:00,12.5008134
2018/3/13 0:00,12.7733359
2018/3/14 0:00,13.782023
2018/3/15 0:00,12.5513806
2018/3/16 0:00,12.6078197
2018/3/17 0:00,12.647417
2018/3/18 0:00,12.3977498
2018/3/19 0:00,12.4379642
2018/3/20 0:00,13.2818871
2018/3/21 0:00,12.7586049
2018/3/22 0:00,12.3747632
2018/3/23 0:00,13.3100043
2018/3/24 0:00,12.7544459
2018/3/25 0:00,12.798433
2018/3/26 0:00,11.5246165
2018/3/27 0:00,12.0714218
2018/3/28 0:00,12.840368
2018/3/29 0:00,12.987985
2018/3/30 0:00,11.5219856
2018/3/31 0:00,11.0434887
2018/4/1 0:00,13.1107936
2018/3/11 0:00,12.6938316
2018/4/2 0:00,12.366858
2018/4/3 0:00,11.7175164
2018/4/4 0:00,13.3491631
2018/4/5 0:00,12.2574062
2018/4/5 0:00,12.2574062
2018/4/6 0:00,12.7474426
2018/4/10 0:00,12.9063668
2018/4/11 0:00,12.8999768
2018/4/7 0:00,12.3468676
2018/4/8 0:00,12.9355648
2018/4/12 0:00,12.9361023
2018/4/13 0:00,12.8456821
2018/4/14 0:00,12.1745262
2018/4/15 0:00,10.5548462
2018/4/9 0:00,13.2531906
2018/4/25 0:00,12.5974418
2018/4/14 0:00,12.1745262
2018/4/15 0:00,10.5548462
2018/4/16 0:00,12.8948236
2018/4/17 0:00,12.9531569
2018/4/18 0:00,12.802446
2018/4/19 0:00,13.1150253
2018/4/26 0:00,13.5616979
2018/4/27 0:00,13.576946
2018/4/28 0:00,12.2689087
2018/4/29 0:00,11.3964223
2018/4/20 0:00,13.0221898
2018/4/21 0:00,12.384293
2018/4/22 0:00,11.8385394
2018/4/23 0:00,12.8724708
2018/4/24 0:00,12.7828722
2018/4/30 0:00,11.994177
2018/5/1 0:00,13.5812261
2018/5/2 0:00,14.00131
2018/5/3 0:00,14.916277
2018/5/4 0:00,12.0390787
2018/5/5 0:00,11.3567507
2018/5/6 0:00,13.1082067
2018/5/7 0:00,14.344813
2018/5/8 0:00,12.5386726
2018/5/9 0:00,14.372492
2018/5/10 0:00,14.592316
2018/5/11 0:00,12.739689
2018/5/12 0:00,11.5385085
2018/5/13 0:00,11.5955792
2018/5/14 0:00,11.9066029
2018/5/15 0:00,13.874893
2018/5/16 0:00,13.7041845
2018/5/17 0:00,12.3936394
2018/5/18 0:00,14.826699
2018/5/19 0:00,12.6970907
2018/5/20 0:00,11.3378719
2018/5/21 0:00,12.3740736
2018/5/22 0:00,12.3862054
2018/5/23 0:00,16.207532
2018/5/24 0:00,13.709371
2018/5/25 0:00,15.058571
2018/5/26 0:00,14.6267234
2018/5/27 0:00,15.232981
2018/5/28 0:00,15.173455
2018/5/29 0:00,15.576415
2018/5/30 0:00,16.919348
2018/5/31 0:00,17.493549
2018/6/1 0:00,15.356939
2018/6/2 0:00,14.639529
2018/6/3 0:00,12.937495
2018/6/4 0:00,15.181233
2018/6/5 0:00,14.649943
2018/6/6 0:00,13.7656232
2018/6/7 0:00,16.21853
2018/6/8 0:00,17.045584
2018/6/9 0:00,14.822954
2018/6/10 0:00,12.8063253
2018/6/11 0:00,15.034133
2018/6/12 0:00,15.143354
2018/6/13 0:00,16.835788
2018/6/14 0:00,18.000165
2018/6/15 0:00,17.84635
2018/6/16 0:00,17.296776
2018/6/17 0:00,18.083646
2018/6/18 0:00,20.935883
2018/6/19 0:00,17.784357
2018/6/20 0:00,14.9813875
2018/6/21 0:00,16.579342
2018/6/22 0:00,16.380941
2018/6/23 0:00,12.7437912
2018/6/24 0:00,15.257137
2018/6/25 0:00,15.508272
2018/6/26 0:00,15.631958
2018/6/27 0:00,17.880278
2018/6/28 0:00,17.247616
2018/6/29 0:00,17.867712
2018/6/30 0:00,20.073661
2018/7/1 0:00,20.128025
2018/7/2 0:00,20.6397
2018/7/3 0:00,18.163611
2018/7/4 0:00,20.474785
2018/7/5 0:00,19.990525
2018/7/6 0:00,17.726314
2018/7/7 0:00,18.269418
2018/7/8 0:00,18.903146
2018/7/9 0:00,22.150761
2018/7/10 0:00,22.816613
2018/7/11 0:00,20.887254
2018/7/12 0:00,21.660817
2018/7/13 0:00,21.921141
2018/7/14 0:00,21.800854
2018/7/15 0:00,21.445426
2018/7/16 0:00,22.493724
2018/7/17 0:00,21.641403
2018/7/18 0:00,21.595132
2018/7/19 0:00,20.955388
2018/7/20 0:00,19.965492
2018/7/21 0:00,18.075988
2018/7/22 0:00,16.518367
2018/7/23 0:00,19.642768
2018/7/24 0:00,21.310598
2018/7/25 0:00,21.737219
2018/7/26 0:00,20.960152
2018/7/27 0:00,18.091252
2018/7/28 0:00,17.967212
2018/7/29 0:00,18.782167
2018/7/30 0:00,21.310469
2018/7/31 0:00,19.052807
2018/8/1 0:00,15.42044
2018/8/2 0:00,16.178706
2018/8/3 0:00,20.539088
2018/8/4 0:00,18.771215
2018/8/5 0:00,17.195249
2018/8/6 0:00,20.918271
2018/8/7 0:00,17.847426
2018/8/8 0:00,16.381974
2018/8/9 0:00,18.358284
2018/8/10 0:00,18.632332
2018/8/11 0:00,18.213753
2018/8/12 0:00,17.77972
2018/8/13 0:00,18.125139
2018/8/14 0:00,17.968617
2018/8/15 0:00,18.464083
2018/8/16 0:00,18.893408
2018/8/17 0:00,18.611961
2018/8/19 0:00,16.085192
2018/8/20 0:00,18.493829
2018/8/21 0:00,17.634441
2018/8/22 0:00,15.249171
2018/8/23 0:00,15.848252
2018/8/24 0:00,18.106874
2018/8/25 0:00,15.784029
2018/8/26 0:00,16.007685
2018/8/27 0:00,19.018075
2018/8/28 0:00,19.087562
2018/8/29 0:00,18.439567
2018/8/30 0:00,17.237138
2018/8/31 0:00,18.239331
2018/9/1 0:00,17.737804
2018/9/2 0:00,17.762738
2018/9/3 0:00,18.052101
2018/8/18 0:00,16.495122
2018/9/4 0:00,17.745258
2018/9/5 0:00,17.394689
2018/9/6 0:00,18.108084
2018/9/7 0:00,16.83871
2018/9/8 0:00,14.834385
2018/9/9 0:00,14.928214
2018/9/10 0:00,15.703921
2018/9/11 0:00,14.745313
2018/9/12 0:00,15.118605
2018/9/13 0:00,16.131178
2018/9/14 0:00,17.816923
2018/9/15 0:00,17.976561
2018/9/16 0:00,17.608838
2018/9/17 0:00,18.106526
2018/9/18 0:00,17.59616
2018/9/19 0:00,17.695627
2018/9/20 0:00,16.016313
2018/9/21 0:00,15.642034
2018/9/22 0:00,15.170117
2018/9/23 0:00,13.2523339
2018/9/24 0:00,15.497765
2018/9/25 0:00,15.253602
2018/9/26 0:00,15.171393
2018/9/27 0:00,14.12303
2018/9/28 0:00,14.510369
2018/9/29 0:00,12.3002744
2018/9/30 0:00,13.1421571
2018/10/1 0:00,14.010717
2018/10/2 0:00,13.29196
2018/10/3 0:00,15.097567
2018/10/4 0:00,14.565677
2018/10/5 0:00,14.810154
2018/10/6 0:00,14.638633
2018/10/7 0:00,11.9468525
2018/10/8 0:00,14.346551
2018/10/9 0:00,14.733883
2018/10/10 0:00,16.623739
2018/10/11 0:00,13.722909
2018/10/12 0:00,12.436835
2018/10/13 0:00,12.5387255
2018/10/14 0:00,11.6142676
2018/10/15 0:00,12.1135065
2018/10/16 0:00,11.6838932
2018/10/17 0:00,13.0710605
2018/10/18 0:00,12.962125
2018/10/19 0:00,14.393981
2018/10/20 0:00,10.7985423
2018/10/21 0:00,11.5066527
2018/10/22 0:00,14.134596
2018/10/23 0:00,12.8202451
2018/10/24 0:00,12.2755771
2018/10/25 0:00,12.4389085
2018/10/26 0:00,13.578489
2018/10/27 0:00,13.282193
2018/10/28 0:00,12.4313544
2018/10/29 0:00,12.2923571
2018/10/30 0:00,11.6267262
2018/10/31 0:00,12.8056319
2018/11/1 0:00,13.4224818
2018/11/2 0:00,11.5026721
2018/11/3 0:00,12.235952
2018/11/4 0:00,12.0113481
2018/11/5 0:00,12.3197555
2018/11/6 0:00,13.343737
2018/11/7 0:00,13.025512
2018/11/8 0:00,12.3701292
2018/11/9 0:00,10.8973998
2018/11/10 0:00,12.2821999
2018/11/11 0:00,13.2407733
2018/11/12 0:00,13.260999
2018/11/13 0:00,13.805248
2018/11/14 0:00,11.813339
2018/11/15 0:00,11.6110653
2018/11/16 0:00,13.101558
2018/11/17 0:00,13.4672367
2018/11/18 0:00,13.2301411
2018/11/19 0:00,12.9351175
2018/11/20 0:00,12.6110834
2018/11/21 0:00,12.1378559
2018/11/22 0:00,10.4973957
2018/11/23 0:00,9.5625378
2018/11/24 0:00,9.7068052
2018/11/25 0:00,11.828399
2018/11/26 0:00,12.628089
2018/11/27 0:00,12.2992376
2018/11/28 0:00,12.9933975
2018/11/29 0:00,12.3969595
2018/11/30 0:00,12.1256083
2018/12/1 0:00,12.8253734
2018/12/2 0:00,12.512052
2018/12/3 0:00,12.1482325
2018/12/4 0:00,12.6717995
2018/12/5 0:00,14.454964
2018/12/6 0:00,12.3218711
2018/12/7 0:00,12.2772168
2018/12/8 0:00,12.1181877
2018/12/9 0:00,11.8369492
2018/12/10 0:00,12.6904309
2018/12/11 0:00,12.3022656
2018/12/12 0:00,11.7392451
2018/12/13 0:00,12.7364643
2018/12/14 0:00,12.1269985
2018/12/15 0:00,11.8691361
2018/12/16 0:00,11.9657276
2018/12/17 0:00,12.6662829
2018/12/18 0:00,11.0494217
2018/12/19 0:00,12.1430383
2018/12/20 0:00,10.347889
2018/12/21 0:00,11.9534289
2018/12/22 0:00,9.7688522
2018/12/23 0:00,9.7384069
2018/12/24 0:00,9.47207834
2018/12/25 0:00,8.4211412
2018/12/26 0:00,9.4993355
2018/12/27 0:00,10.14570484
2018/12/28 0:00,10.1244071
2018/12/29 0:00,9.152111
2018/12/30 0:00,8.61710326
2018/12/31 0:00,9.64489285
2019/1/1 0:00,9.98301
2019/1/2 0:00,10.082739
2019/1/3 0:00,10.1729674
2019/1/4 0:00,9.6090172
2019/1/5 0:00,12.4311306
2019/1/6 0:00,10.4544026
2019/1/7 0:00,9.9890833
2019/1/8 0:00,10.4288065
2019/1/9 0:00,12.3705749
2019/1/10 0:00,12.4787673
2019/1/11 0:00,10.8726707
2019/1/12 0:00,11.9125787
2019/1/13 0:00,12.3060655
2019/1/14 0:00,11.5417157
2019/1/15 0:00,12.6842622
2019/1/16 0:00,12.6284345
2019/1/17 0:00,11.1996687
2019/1/18 0:00,12.1370922
2019/1/19 0:00,10.5155961
2019/1/20 0:00,11.1438356
2019/1/21 0:00,12.4272772
2019/1/22 0:00,12.9816398
2019/1/23 0:00,12.8257571
2019/1/24 0:00,12.8700748
2019/1/25 0:00,12.2007457
2019/1/26 0:00,12.6161813
2019/1/27 0:00,11.4460527
2019/1/28 0:00,12.5350008
2019/1/29 0:00,13.0588088
2019/1/30 0:00,10.832743
2019/1/31 0:00,13.390862
2019/2/1 0:00,13.648667
2019/2/2 0:00,13.2419452
2019/2/3 0:00,12.8101352
2019/2/4 0:00,12.5276039
2019/2/5 0:00,12.5347988
2019/2/6 0:00,13.298074
2019/2/7 0:00,11.5968504
2019/2/8 0:00,11.8297524
2019/2/9 0:00,12.620238
2019/2/10 0:00,12.4147598
2019/2/11 0:00,12.7377189
2019/2/12 0:00,10.5943111
2019/2/13 0:00,13.0298851
2019/2/14 0:00,12.6833436
2019/2/15 0:00,12.638333
2019/2/16 0:00,12.5009
2019/2/17 0:00,10.6101621
2019/2/18 0:00,12.5178607
2019/2/19 0:00,12.8613727
2019/2/20 0:00,13.260504
2019/2/21 0:00,11.7514417
2019/2/22 0:00,10.5742048
2019/2/23 0:00,12.1625981
2019/2/24 0:00,13.0863327
2019/2/25 0:00,11.9863063
2019/2/26 0:00,11.3699884
2019/2/27 0:00,10.9926704
2019/2/28 0:00,12.8434801
2019/3/1 0:00,12.8152787
2019/3/2 0:00,10.9563331
2019/3/3 0:00,10.28958
2019/3/4 0:00,12.1851389
2019/3/5 0:00,11.0139308
2019/3/6 0:00,11.062762
2019/3/7 0:00,11.8196301
2019/3/8 0:00,9.7586581
2019/3/9 0:00,9.9895739
2019/3/10 0:00,9.9895739
2019/3/11 0:00,11.1587645
2019/3/12 0:00,12.8029207
2019/3/13 0:00,12.8902753
2019/3/14 0:00,12.7908189
2019/3/15 0:00,11.9473352
2019/3/16 0:00,10.0453603
2019/3/17 0:00,12.7115068
2019/3/18 0:00,12.8159171
2019/3/19 0:00,12.85693
2019/3/20 0:00,12.3651952
2019/3/21 0:00,11.0531302
2019/3/22 0:00,12.7930097
2019/3/23 0:00,11.5444927
2019/3/24 0:00,10.9641942
2019/3/25 0:00,12.3605511
2019/3/26 0:00,12.4630652
2019/3/27 0:00,12.5777204
2019/3/28 0:00,12.1556165
2019/3/29 0:00,12.3753791
2019/3/30 0:00,10.7444238
2019/3/31 0:00,10.8042963
2019/4/1 0:00,12.5667101
2019/4/2 0:00,12.7564726
2019/4/3 0:00,13.4907266
2019/4/4 0:00,12.3577331
2019/4/5 0:00,12.5830452
2019/4/6 0:00,11.4300598
2019/4/7 0:00,10.882046
2019/4/8 0:00,14.05677
2019/4/9 0:00,13.036833
2019/4/10 0:00,11.5152707
2019/4/11 0:00,11.6416145
2019/4/12 0:00,11.6790631
2019/4/13 0:00,11.6922689
2019/4/14 0:00,12.3768491
2019/4/15 0:00,12.4903634
2019/4/16 0:00,11.6389703
2019/4/17 0:00,14.463054
2019/4/18 0:00,11.3191768
2019/4/19 0:00,11.724724
2019/4/20 0:00,12.0284096
2019/4/21 0:00,11.8619374
2019/4/22 0:00,11.6620589
2019/4/23 0:00,11.8695712
2019/4/24 0:00,13.67547
2019/4/25 0:00,12.0049172
2019/4/26 0:00,12.6474548
2019/4/27 0:00,11.0400639
2019/4/28 0:00,11.6221752
2019/4/29 0:00,12.1783531
2019/4/30 0:00,11.831621
2019/5/1 0:00,12.0770794
2019/5/2 0:00,13.36354
2019/5/3 0:00,11.7774967
2019/5/4 0:00,10.0159407
2019/5/5 0:00,11.3544978
2019/5/6 0:00,11.8443493
2019/5/7 0:00,11.9199318
2019/5/8 0:00,12.1978867
2019/5/9 0:00,11.9923849
2019/5/10 0:00,11.0320192
2019/5/11 0:00,9.925315
2019/5/12 0:00,10.8819745
2019/5/13 0:00,11.8468735
2019/5/14 0:00,11.7352221
2019/5/15 0:00,11.9044509
2019/5/16 0:00,11.6313381
2019/5/17 0:00,11.4247242
2019/5/18 0:00,11.7012588
2019/5/19 0:00,11.9056999
2019/5/20 0:00,11.6360526
2019/5/21 0:00,11.780004
2019/5/22 0:00,12.5953643
2019/5/23 0:00,11.3483288
2019/5/24 0:00,11.6235315
2019/5/25 0:00,11.9028094
2019/5/26 0:00,10.2216802
2019/5/27 0:00,10.251019
2019/5/28 0:00,11.8009233
2019/5/29 0:00,14.75963
2019/5/30 0:00,11.4747293
2019/5/31 0:00,12.114674
2019/6/1 0:00,10.6881095
2019/6/2 0:00,12.1094026
2019/6/3 0:00,11.5718287
2019/6/4 0:00,11.8255023
2019/6/5 0:00,12.0610656
2019/6/6 0:00,13.732047
2019/6/7 0:00,13.577461
2019/6/8 0:00,11.4049533
2019/6/9 0:00,10.3766633
2019/6/10 0:00,11.8572926
2019/6/11 0:00,13.24512
2019/6/12 0:00,12.3199599
2019/6/13 0:00,11.0028651
2019/6/14 0:00,10.4286469
2019/6/15 0:00,10.4191595
2019/6/16 0:00,12.8342998
2019/6/17 0:00,10.5483179
2019/6/18 0:00,11.9283013
2019/6/19 0:00,13.306814
2019/6/20 0:00,13.401635
2019/6/21 0:00,11.4255335
2019/6/22 0:00,12.6104598
2019/6/23 0:00,11.3430751
2019/6/24 0:00,12.313303
2019/6/25 0:00,13.090529
2019/6/26 0:00,15.407133
2019/6/27 0:00,16.330564
2019/6/28 0:00,14.23985
2019/6/29 0:00,14.907226
2019/6/30 0:00,15.582666
2019/7/1 0:00,13.9248427
2019/7/2 0:00,17.147555
2019/7/3 0:00,16.31597
2019/7/4 0:00,15.550365
2019/7/5 0:00,13.368829
2019/7/6 0:00,13.004867
2019/7/7 0:00,13.0533501
2019/7/8 0:00,15.383847
2019/7/9 0:00,16.300661
2019/7/10 0:00,16.343102
2019/7/11 0:00,18.036367
2019/7/12 0:00,17.815045
2019/7/13 0:00,14.9470426
2019/7/14 0:00,16.263415
2019/7/15 0:00,17.066894
2019/7/16 0:00,18.421265
2019/7/17 0:00,17.284017
2019/7/18 0:00,16.467182
2019/7/19 0:00,16.627803
2019/7/20 0:00,14.347364
2019/7/21 0:00,14.546059
2019/7/22 0:00,15.172259
2019/7/23 0:00,14.969188
2019/7/24 0:00,15.201411
2019/7/25 0:00,15.885427
2019/7/26 0:00,15.290056
2019/7/27 0:00,17.23364
2019/7/28 0:00,17.199493
2019/7/29 0:00,16.609782
2019/7/30 0:00,14.819726
2019/7/31 0:00,15.260056
2019/8/1 0:00,16.99794
2019/8/2 0:00,17.341669
2019/8/3 0:00,16.9661
2019/8/4 0:00,15.037663
2019/8/5 0:00,17.211523
2019/8/6 0:00,17.376682
2019/8/7 0:00,16.915902
2019/8/8 0:00,14.780073
2019/8/9 0:00,17.297506
2019/8/10 0:00,17.487196
2019/8/11 0:00,16.943821
2019/8/12 0:00,16.911948
2019/8/13 0:00,16.961207
2019/8/14 0:00,17.599114
2019/8/15 0:00,17.864929
2019/8/16 0:00,16.124025
2019/8/17 0:00,14.619363
2019/8/18 0:00,14.384827
2019/8/19 0:00,15.284698
2019/8/20 0:00,16.975215
2019/8/21 0:00,17.886867
2019/8/22 0:00,16.782856
2019/8/23 0:00,16.197778
2019/8/24 0:00,14.9981883
2019/8/25 0:00,14.0544006
2019/8/26 0:00,16.702927
2019/8/27 0:00,14.4757188
2019/8/28 0:00,15.809135
2019/8/29 0:00,16.785201
2019/8/30 0:00,15.2317553
2019/8/31 0:00,14.934045
2019/9/1 0:00,14.552397
2019/9/2 0:00,16.034025
2019/9/3 0:00,17.588455
2019/9/4 0:00,18.235729
2019/9/5 0:00,14.4446
2019/9/6 0:00,14.313101
2019/9/7 0:00,13.991365
2019/9/8 0:00,17.150119
2019/9/9 0:00,16.904838
2019/9/10 0:00,15.139365
2019/9/11 0:00,16.982338
2019/9/12 0:00,15.489511
2019/9/13 0:00,14.921127
2019/9/14 0:00,14.195585
2019/9/15 0:00,13.917588
2019/9/16 0:00,13.524831
2019/9/17 0:00,16.383499
2019/9/18 0:00,16.466882
2019/9/19 0:00,15.067913
2019/9/20 0:00,14.813655
2019/9/21 0:00,16.379187
2019/9/22 0:00,15.874713
2019/9/23 0:00,15.209781
2019/9/24 0:00,14.697508
2019/9/25 0:00,14.892841
2019/9/26 0:00,14.016314
2019/9/27 0:00,14.426831
2019/9/28 0:00,14.526867
2019/9/29 0:00,13.641958
2019/9/30 0:00,14.148888
2019/10/1 0:00,14.293832
2019/10/2 0:00,14.950336
2019/10/3 0:00,14.043261
2019/10/4 0:00,14.18957
2019/10/5 0:00,13.322003
2019/10/6 0:00,11.7908869
2019/10/7 0:00,13.655038
2019/10/8 0:00,14.235506
2019/10/9 0:00,14.405958
2019/10/10 0:00,12.902442
2019/10/11 0:00,14.019033
2019/10/12 0:00,11.6591956
2019/10/13 0:00,10.0145437
2019/10/14 0:00,11.0252248
2019/10/15 0:00,13.495324
2019/10/16 0:00,13.352442
2019/10/17 0:00,13.350286
2019/10/18 0:00,12.821803
2019/10/19 0:00,12.421158
2019/10/20 0:00,12.792183
2019/10/21 0:00,11.6916974
2019/10/22 0:00,12.272704
2019/10/23 0:00,13.424139
2019/10/24 0:00,12.834726
2019/10/25 0:00,11.869713
2019/10/26 0:00,13.086581
2019/10/27 0:00,12.510501
2019/10/28 0:00,11.5802529
2019/10/29 0:00,13.244449
2019/10/30 0:00,12.3881095
2019/10/31 0:00,11.0845287
2019/11/1 0:00,11.2637625
2019/11/2 0:00,11.2214893
2019/11/3 0:00,13.437851
2019/11/4 0:00,12.0581535
2019/11/5 0:00,12.816655
2019/11/6 0:00,11.5659742
2019/11/7 0:00,11.6806414
2019/11/8 0:00,12.108532
2019/11/9 0:00,13.465868
2019/11/10 0:00,12.2555453
2019/11/11 0:00,12.6127234
2019/11/12 0:00,11.6527925
2019/11/13 0:00,14.0292645
2019/11/14 0:00,14.380123
2019/11/15 0:00,13.705582
2019/11/16 0:00,12.336388
2019/11/17 0:00,12.380747
2019/11/18 0:00,11.9698706
2019/11/19 0:00,13.099957
2019/11/20 0:00,12.609457
2019/11/21 0:00,11.269654
2019/11/22 0:00,11.4033212
2019/11/23 0:00,11.8461488
2019/11/24 0:00,12.4419591
2019/11/25 0:00,12.185005
2019/11/26 0:00,12.104488
2019/11/27 0:00,12.2849407
2019/11/28 0:00,9.0140197
2019/11/29 0:00,9.3288293
2019/11/30 0:00,9.7069821
2019/12/1 0:00,12.525615
2019/12/2 0:00,12.338582
2019/12/3 0:00,12.721641
2019/12/4 0:00,11.8995365
2019/12/5 0:00,12.670122
2019/12/6 0:00,12.446569
2019/12/7 0:00,11.606024
2019/12/8 0:00,11.0468909
2019/12/9 0:00,11.0140016
2019/12/10 0:00,12.0760027
2019/12/11 0:00,12.605261
2019/12/12 0:00,12.37101
2019/12/13 0:00,13.028419
2019/12/14 0:00,11.9009141
2019/12/15 0:00,10.3221527
2019/12/16 0:00,12.0657401
2019/12/17 0:00,12.256888
2019/12/18 0:00,11.7755039
2019/12/19 0:00,12.308089
2019/12/20 0:00,12.0721351
2019/12/21 0:00,9.7103519
2019/12/22 0:00,8.8699967
2019/12/23 0:00,10.1022785
2019/12/24 0:00,10.120109
2019/12/25 0:00,8.6507036
2019/12/26 0:00,8.8862469
2019/12/27 0:00,9.0361795
2019/12/28 0:00,9.3220462
2019/12/29 0:00,10.0825721
2019/12/30 0:00,9.3645043
2019/12/31 0:00,8.8372726
2020/1/1 0:00,10.4038252
2020/1/2 0:00,11.666728
2020/1/3 0:00,10.3466806
2020/1/4 0:00,9.0813755
2020/1/5 0:00,10.4870081
2020/1/6 0:00,12.225694
2020/1/7 0:00,11.779054
2020/1/8 0:00,11.6648642
2020/1/9 0:00,11.7793678
2020/1/10 0:00,11.9624126
2020/1/11 0:00,11.4562379
2020/1/12 0:00,11.9079628
2020/1/13 0:00,11.6113519
2020/1/14 0:00,11.900665
2020/1/15 0:00,10.8319458
2020/1/16 0:00,12.593734
2020/1/17 0:00,11.9326583
2020/1/18 0:00,12.427216
2020/1/19 0:00,12.0102743
2020/1/20 0:00,11.4196883
2020/1/21 0:00,12.4992754
2020/1/22 0:00,12.880784
2020/1/23 0:00,12.1200638
2020/1/24 0:00,12.196372
2020/1/25 0:00,12.0987069
2020/1/26 0:00,12.474544
2020/1/27 0:00,12.572765
2020/1/28 0:00,12.396595
2020/1/29 0:00,12.407956
2020/1/30 0:00,12.180995
2020/1/31 0:00,12.5366343
2020/2/1 0:00,12.514644
2020/2/2 0:00,12.0880601
2020/2/3 0:00,12.721024
2020/2/4 0:00,12.401805
2020/2/5 0:00,12.4291851
2020/2/6 0:00,12.1062579
2020/2/7 0:00,12.430041
2020/2/8 0:00,12.573735
2020/2/9 0:00,11.5900686
2020/2/10 0:00,11.4990004
2020/2/11 0:00,12.4829517
2020/2/12 0:00,13.033228
2020/2/13 0:00,12.266879
2020/2/14 0:00,12.1273783
2020/2/15 0:00,12.40338
2020/2/16 0:00,12.843448
2020/2/17 0:00,12.444285
2020/2/18 0:00,12.531942
2020/2/19 0:00,12.297954
2020/2/20 0:00,12.389309
2020/2/21 0:00,12.216006
2020/2/22 0:00,12.4368402
2020/2/23 0:00,12.449244
2020/2/24 0:00,12.511841
2020/2/25 0:00,12.393311
2020/2/26 0:00,12.118206
2020/2/27 0:00,12.834824
2020/2/28 0:00,11.6740496
2020/2/29 0:00,9.6599217
2020/3/1 0:00,12.1054501
2020/3/2 0:00,9.9271662
2020/3/3 0:00,10.7291313
2020/3/4 0:00,11.654869
2020/3/5 0:00,10.5505886
2020/3/6 0:00,9.7646009
2020/3/7 0:00,11.5177
2020/3/8 0:00,11.1053876
2020/3/9 0:00,11.6303552
2020/3/10 0:00,11.3084536
2020/3/11 0:00,12.7191425
2020/3/12 0:00,11.8492791
2020/3/13 0:00,11.746368
2020/3/14 0:00,12.0776558
2020/3/15 0:00,11.9949495
2020/3/16 0:00,12.0497842
2020/3/17 0:00,11.3116125
2020/3/18 0:00,10.3895588
2020/3/19 0:00,11.5013276
2020/3/20 0:00,9.539668
2020/3/21 0:00,10.5847637
2020/3/22 0:00,11.3519325
2020/3/23 0:00,9.823458
2020/3/24 0:00,9.2439592
2020/3/25 0:00,9.0898716
2020/3/26 0:00,11.5181303
2020/3/27 0:00,9.3733414
2020/3/28 0:00,8.7507684
2020/3/29 0:00,9.0761971
2020/3/30 0:00,11.3927296
2020/3/31 0:00,10.3729281
2020/4/1 0:00,8.32538
2020/4/2 0:00,9.4430733
2020/4/3 0:00,8.8218874
2020/4/4 0:00,11.1129099
2020/4/5 0:00,9.3601991
2020/4/6 0:00,8.9199729
2020/4/7 0:00,10.840167
2020/4/8 0:00,11.0270977
2020/4/9 0:00,8.9292293
2020/4/10 0:00,8.7471704
2020/4/11 0:00,8.6538307
2020/4/12 0:00,9.5868715
2020/4/13 0:00,11.1279036
2020/4/14 0:00,10.3012342
2020/4/15 0:00,8.8225943
2020/4/16 0:00,9.5670279
2020/4/17 0:00,8.7344192
2020/4/18 0:00,9.0382473
2020/4/19 0:00,9.8808795
2020/4/20 0:00,11.703579
2020/4/21 0:00,10.0913572
2020/4/22 0:00,8.9656622
2020/4/23 0:00,8.4660014
2020/4/24 0:00,9.2033352
2020/4/25 0:00,8.6609245
2020/4/26 0:00,10.8551373
2020/4/27 0:00,11.890128
2020/4/28 0:00,9.8355094
2020/4/29 0:00,8.992461
2020/4/30 0:00,8.5909911
2020/5/1 0:00,11.0839
2020/5/2 0:00,11.3459024
2020/5/3 0:00,9.3084875
2020/5/4 0:00,9.2390629
2020/5/5 0:00,10.171683
2020/5/6 0:00,11.1741763
2020/5/7 0:00,11.4544393
2020/5/8 0:00,9.8995749
2020/5/9 0:00,9.9754083
2020/5/10 0:00,11.0717885
2020/5/11 0:00,9.7266288
2020/5/12 0:00,10.7202156
2020/5/13 0:00,12.3424462
2020/5/14 0:00,10.1639453
2020/5/15 0:00,9.1872059
2020/5/16 0:00,10.6347343
2020/5/17 0:00,11.1484514
2020/5/18 0:00,9.978426
2020/5/19 0:00,9.551016
2020/5/20 0:00,10.8926538
2020/5/21 0:00,11.1498557
2020/5/22 0:00,10.3863822
2020/5/23 0:00,11.3195155
2020/5/24 0:00,12.153393
2020/5/25 0:00,11.6303976
2020/5/26 0:00,13.4429247
2020/5/27 0:00,13.27192
2020/5/28 0:00,13.139801
2020/5/29 0:00,11.6514131
2020/5/30 0:00,11.0886819
2020/5/31 0:00,11.4674836
2020/6/1 0:00,12.0406048
2020/6/2 0:00,13.567448
2020/6/3 0:00,13.619964
2020/6/4 0:00,13.6539784
2020/6/5 0:00,13.9276039
2020/6/6 0:00,14.744515
2020/6/7 0:00,14.7694521
2020/6/8 0:00,14.639151
2020/6/9 0:00,13.0370918
2020/6/10 0:00,16.139877
2020/6/11 0:00,15.230806
2020/6/12 0:00,13.9583029
2020/6/13 0:00,13.7436464
2020/6/14 0:00,13.584197
2020/6/15 0:00,15.1946973
2020/6/16 0:00,14.3904333
2020/6/17 0:00,16.9346
2020/6/18 0:00,18.668374
2020/6/19 0:00,17.711555
2020/6/20 0:00,18.415798
2020/6/21 0:00,15.74821
2020/6/22 0:00,17.025377
2020/6/23 0:00,15.503924
2020/6/24 0:00,13.7877822
2020/6/25 0:00,14.3330206
2020/6/26 0:00,16.475836
2020/6/27 0:00,15.325602
2020/6/28 0:00,14.098585
2020/6/29 0:00,16.692564
2020/6/30 0:00,17.578643
2020/7/1 0:00,17.518937
2020/7/2 0:00,17.955254
2020/7/3 0:00,19.584235
2020/7/4 0:00,19.590118
2020/7/5 0:00,18.119261
2020/7/6 0:00,19.212452
2020/7/7 0:00,20.124034
2020/7/8 0:00,18.708043
2020/7/9 0:00,17.204912
2020/7/10 0:00,17.255709
2020/7/11 0:00,15.498493
2020/7/12 0:00,14.795312
2020/7/13 0:00,16.782281
2020/7/14 0:00,17.372647
2020/7/15 0:00,18.083644
2020/7/16 0:00,15.567727
2020/7/17 0:00,15.428461
2020/7/18 0:00,16.731088
2020/7/19 0:00,17.483348
2020/7/20 0:00,16.825327
2020/7/21 0:00,15.048642
2020/7/22 0:00,16.498248
2020/7/23 0:00,17.315826
2020/7/24 0:00,17.71158
2020/7/25 0:00,16.672044
2020/7/26 0:00,15.748263
2020/7/27 0:00,17.740551
2020/7/28 0:00,17.445035
2020/7/29 0:00,17.000773
2020/7/30 0:00,18.015559
2020/7/31 0:00,17.769042
2020/8/1 0:00,14.487408
2020/8/2 0:00,14.178851
2020/8/3 0:00,15.579811
2020/8/4 0:00,14.120824
2020/8/5 0:00,14.110307
2020/8/6 0:00,14.635605
2020/8/7 0:00,14.5212836
2020/8/8 0:00,15.787728
2020/8/9 0:00,17.964393
2020/8/10 0:00,17.702731
2020/8/11 0:00,18.014148
2020/8/12 0:00,17.204872
2020/8/13 0:00,17.042334
2020/8/14 0:00,14.347069
2020/8/15 0:00,16.472402
2020/8/16 0:00,17.067318
2020/8/17 0:00,14.899472
2020/8/18 0:00,16.352654
2020/8/19 0:00,18.056178
2020/8/20 0:00,16.937635
2020/8/21 0:00,16.79699
2020/8/22 0:00,17.855808
2020/8/23 0:00,18.363064
2020/8/24 0:00,19.705566
2020/8/25 0:00,20.215975
2020/8/26 0:00,17.237413
2020/8/27 0:00,16.231177
2020/8/28 0:00,17.65147
2020/8/29 0:00,15.964732
2020/8/30 0:00,15.098135
2020/8/31 0:00,15.047304
2020/9/1 0:00,15.817712
2020/9/2 0:00,17.684321
2020/9/3 0:00,16.226207
2020/9/4 0:00,14.562977
2020/9/5 0:00,14.931305
2020/9/6 0:00,15.015519
2020/9/7 0:00,14.984872
2020/9/8 0:00,14.958411
2020/9/9 0:00,14.699689
2020/9/10 0:00,13.443746
2020/9/11 0:00,12.668572
2020/9/12 0:00,15.660376
2020/9/13 0:00,14.730458
2020/9/14 0:00,14.827265
2020/9/15 0:00,13.459133
2020/9/16 0:00,14.100683
2020/9/17 0:00,14.490369
2020/9/18 0:00,14.831227
2020/9/19 0:00,14.15407
2020/9/20 0:00,12.7766807
2020/9/21 0:00,15.344218
2020/9/22 0:00,14.530845
2020/9/23 0:00,15.181627
2020/9/24 0:00,15.11578
2020/9/25 0:00,14.038504
2020/9/26 0:00,14.476562
2020/9/27 0:00,14.533565
2020/9/28 0:00,13.416635
2020/9/29 0:00,13.317764
2020/9/30 0:00,12.463743
2020/10/1 0:00,12.039566
2020/10/2 0:00,10.7960967
2020/10/3 0:00,11.8138896
2020/10/4 0:00,13.501413
2020/10/5 0:00,12.911357
2020/10/6 0:00,11.4569311
2020/10/7 0:00,11.8586441
2020/10/8 0:00,12.559246
2020/10/9 0:00,13.478002
2020/10/10 0:00,14.3616
2020/10/11 0:00,11.5330865
2020/10/12 0:00,11.6495498
2020/10/13 0:00,13.702714
2020/10/14 0:00,12.2343377
2020/10/15 0:00,10.833648
2020/10/16 0:00,11.248276
2020/10/17 0:00,11.1673835
2020/10/18 0:00,11.4288198
2020/10/19 0:00,11.8251649
2020/10/20 0:00,11.6953583
2020/10/21 0:00,10.5407644
2020/10/22 0:00,11.9023697
2020/10/23 0:00,12.897877
2020/10/24 0:00,12.079771
2020/10/25 0:00,10.7366442
2020/10/26 0:00,10.7428428
2020/10/27 0:00,10.8789586
2020/10/28 0:00,10.6107078
2020/10/29 0:00,11.4125055
2020/10/30 0:00,11.5543945
2020/10/31 0:00,10.9976991
2020/11/1 0:00,10.9976991
2020/11/2 0:00,10.4021224
2020/11/3 0:00,11.5682681
2020/11/4 0:00,11.6038239
2020/11/5 0:00,11.4049423
2020/11/6 0:00,11.5028791
2020/11/7 0:00,11.225214
2020/11/8 0:00,11.5298604
2020/11/9 0:00,12.196122
2020/11/10 0:00,11.510811
2020/11/11 0:00,12.5749898
2020/11/12 0:00,9.9294311
2020/11/13 0:00,10.769997
2020/11/14 0:00,9.5771016
2020/11/15 0:00,11.5415788
2020/11/16 0:00,11.651498
2020/11/17 0:00,9.9510481
2020/11/18 0:00,12.0854834
2020/11/19 0:00,11.520677
2020/11/20 0:00,9.7195231
2020/11/21 0:00,10.8713226
2020/11/22 0:00,9.9669933
2020/11/23 0:00,10.4549981
2020/11/24 0:00,9.59995
2020/11/25 0:00,10.8209628
2020/11/26 0:00,9.2773493
2020/11/27 0:00,9.34429532
2020/11/28 0:00,8.5759895
2020/11/29 0:00,9.2227603
2020/11/30 0:00,12.1547561
2020/12/1 0:00,9.775068
2020/12/2 0:00,9.9416572
2020/12/3 0:00,11.0478119
2020/12/4 0:00,9.9766696
2020/12/5 0:00,10.4001937
2020/12/6 0:00,10.410828
2020/12/7 0:00,10.7452229
2020/12/8 0:00,10.5921568
2020/12/9 0:00,10.1787868
2020/12/10 0:00,11.4987349
2020/12/11 0:00,8.7509329
2020/12/12 0:00,10.4030482
2020/12/13 0:00,9.7993098
2020/12/14 0:00,10.5080045
2020/12/15 0:00,10.4952183
2020/12/16 0:00,11.0492234
2020/12/17 0:00,9.3102158
2020/12/18 0:00,9.765877
2020/12/19 0:00,10.5919755
2020/12/20 0:00,9.5339059
2020/12/21 0:00,8.3222396
2020/12/22 0:00,9.4393091
2020/12/23 0:00,10.2824402
2020/12/24 0:00,8.5078797
2020/12/25 0:00,7.9827773
2020/12/26 0:00,8.5211402
2020/12/27 0:00,7.8404331
2020/12/28 0:00,9.0083521
2020/12/29 0:00,9.9965595
2020/12/30 0:00,10.4599428
2020/12/31 0:00,9.8614373
2021/1/1 0:00,8.5291372
2021/1/2 0:00,9.3247891
2021/1/3 0:00,8.9402503
2021/1/4 0:00,10.2335104
2021/1/5 0:00,10.3571531
2021/1/6 0:00,10.6071023
2021/1/7 0:00,9.0482929
2021/1/8 0:00,9.1312765
2021/1/9 0:00,8.6148965
2021/1/10 0:00,8.741326
2021/1/11 0:00,10.2371186
2021/1/12 0:00,9.1794036
2021/1/13 0:00,8.7454732
2021/1/14 0:00,8.8541038
2021/1/15 0:00,9.3977604
2021/1/16 0:00,9.3770128
2021/1/17 0:00,9.4531166
2021/1/18 0:00,10.9621897
2021/1/19 0:00,11.215326
2021/1/20 0:00,11.4752992
2021/1/21 0:00,10.1379319
2021/1/22 0:00,10.5073084
2021/1/23 0:00,11.8731867
2021/1/24 0:00,10.8632337
2021/1/25 0:00,8.9033452
2021/1/26 0:00,9.6124661
2021/1/27 0:00,10.1175307
2021/1/28 0:00,11.2697436
2021/1/29 0:00,10.7738137
2021/1/30 0:00,11.3211721
2021/1/31 0:00,9.9536889
2021/2/1 0:00,10.0191119
2021/2/2 0:00,11.6200639
2021/2/3 0:00,11.6781495
2021/2/4 0:00,8.447816
2021/2/5 0:00,9.8129336
2021/2/6 0:00,11.1850357
2021/2/7 0:00,9.4231751
2021/2/8 0:00,10.3842521
2021/2/9 0:00,8.893936
2021/2/10 0:00,8.4290864
2021/2/11 0:00,9.7719232
2021/2/12 0:00,11.5219213
2021/2/13 0:00,11.6827012
2021/2/14 0:00,10.2457648
2021/2/15 0:00,10.9274874
2021/2/16 0:00,12.0391657
2021/2/17 0:00,10.6501788
2021/2/18 0:00,11.0258884
2021/2/19 0:00,12.0518487
2021/2/20 0:00,12.254875
2021/2/21 0:00,11.8618642
2021/2/22 0:00,11.0368348
2021/2/23 0:00,10.4856811
2021/2/24 0:00,10.1029757
2021/2/25 0:00,10.7454813
2021/2/26 0:00,12.0990353
2021/2/27 0:00,10.9819098
2021/2/28 0:00,9.6105988
2021/3/1 0:00,11.1766747
2021/3/2 0:00,11.965577
2021/3/3 0:00,11.9040735
2021/3/4 0:00,9.9183732
2021/3/5 0:00,10.5864458
2021/3/6 0:00,10.1767048
2021/3/7 0:00,11.6885272
2021/3/8 0:00,11.5809215
2021/3/9 0:00,11.3483559
2021/3/10 0:00,10.9658107
2021/3/11 0:00,9.6373917
2021/3/12 0:00,10.9561229
2021/3/13 0:00,10.7447283
2021/3/14 0:00,10.7447283
2021/3/15 0:00,10.2898875
2021/3/16 0:00,11.9102222
2021/3/17 0:00,10.4295808
2021/3/18 0:00,11.4921724
2021/3/19 0:00,11.2654323
2021/3/20 0:00,10.0860602
2021/3/21 0:00,10.8135434
2021/3/22 0:00,11.5788648
2021/3/23 0:00,11.6742414
2021/3/24 0:00,11.6861844
2021/3/25 0:00,10.0198823
2021/3/26 0:00,9.63089
2021/3/27 0:00,11.1463663
2021/3/28 0:00,9.1859928
2021/3/29 0:00,10.3653573
2021/3/30 0:00,11.2887866
2021/3/31 0:00,11.597843
2021/4/1 0:00,11.6326159
2021/4/2 0:00,10.0480723
2021/4/3 0:00,9.8126969
2021/4/4 0:00,12.0469879
2021/4/5 0:00,10.8491703
2021/4/6 0:00,9.9262614
2021/4/7 0:00,11.0578035
2021/4/8 0:00,11.7386719
2021/4/9 0:00,11.426268
2021/4/10 0:00,11.4397688
2021/4/11 0:00,12.0347104
2021/4/12 0:00,12.0938958
2021/4/13 0:00,11.9001179
2021/4/14 0:00,11.4863864
2021/4/15 0:00,12.0851628
2021/4/16 0:00,11.6969025
2021/4/17 0:00,11.3345179
2021/4/18 0:00,11.633455
2021/4/19 0:00,10.9042654
2021/4/20 0:00,11.8717567
2021/4/21 0:00,10.7623455
2021/4/22 0:00,8.5614281
2021/4/23 0:00,11.1990562
2021/4/24 0:00,11.6765313
2021/4/25 0:00,11.3131554
2021/4/26 0:00,10.8047534
2021/4/27 0:00,12.3101064
2021/4/28 0:00,11.3949288
2021/4/29 0:00,12.810988
2021/4/30 0:00,12.0295159
2021/5/1 0:00,11.065087
2021/5/2 0:00,9.8762067
2021/5/3 0:00,13.372301
2021/5/4 0:00,11.0695216
2021/5/5 0:00,11.6263696
2021/5/6 0:00,11.3470605
2021/5/7 0:00,11.0907841
2021/5/8 0:00,9.4609932
2021/5/9 0:00,10.5641382
2021/5/10 0:00,9.8914548
2021/5/11 0:00,9.176186
2021/5/12 0:00,10.0672555
2021/5/13 0:00,11.1152359
2021/5/14 0:00,11.1285873
2021/5/15 0:00,11.7643519
2021/5/16 0:00,13.3144799
2021/5/17 0:00,13.605068
2021/5/18 0:00,12.4679307
2021/5/19 0:00,11.99101676
2021/5/20 0:00,10.8531457
2021/5/21 0:00,16.7495218
2021/5/22 0:00,15.063652
2021/5/23 0:00,14.7916393
2021/5/24 0:00,13.3346133
2021/5/25 0:00,14.2572377
2021/5/26 0:00,13.2723247
2021/5/27 0:00,13.4397966
2021/5/28 0:00,11.23966151
2021/5/29 0:00,10.03045593
2021/5/30 0:00,12.55959716
2021/5/31 0:00,12.83333297
2021/6/1 0:00,12.833908
2021/6/2 0:00,14.0173703
2021/6/3 0:00,15.1890144
2021/6/4 0:00,14.3992318
2021/6/5 0:00,13.5581878
2021/6/6 0:00,15.1639633
2021/6/7 0:00,17.0062022
2021/6/8 0:00,15.9289529
2021/6/9 0:00,14.7773923
2021/6/10 0:00,14.1110648
2021/6/11 0:00,15.4396006
2021/6/12 0:00,17.021404
2021/6/13 0:00,15.379206
2021/6/14 0:00,13.7065549
2021/6/15 0:00,14.8935344
2021/6/16 0:00,16.2365381
2021/6/17 0:00,14.0933902
2021/6/18 0:00,16.3866572
2021/6/19 0:00,14.6077144
2021/6/20 0:00,12.80428689
2021/6/21 0:00,13.93506528
2021/6/22 0:00,16.3228991
2021/6/23 0:00,14.1925086
2021/6/24 0:00,13.1715351
2021/6/25 0:00,15.2174397
2021/6/26 0:00,14.28388
2021/6/27 0:00,15.3037089
2021/6/28 0:00,14.1474173
2021/6/29 0:00,13.3488736
2021/6/30 0:00,14.010354
2021/7/1 0:00,14.241003
2021/7/2 0:00,10.6290512
2021/7/3 0:00,10.1149773
2021/7/4 0:00,13.9228007
2021/7/5 0:00,14.710846
2021/7/6 0:00,15.556003
2021/7/7 0:00,16.2901924
2021/7/8 0:00,14.4675694
2021/7/9 0:00,13.6074871
2021/7/10 0:00,15.2006809
2021/7/11 0:00,12.8722551
2021/7/12 0:00,14.6576161
2021/7/13 0:00,14.2632779
2021/7/14 0:00,12.6109306
2021/7/15 0:00,13.059169
2021/7/16 0:00,13.244111
2021/7/17 0:00,11.0933318
2021/7/18 0:00,10.9529569
2021/7/19 0:00,11.4675058
2021/7/20 0:00,11.5323046
2021/7/21 0:00,12.5044886
2021/7/22 0:00,12.2364702
2021/7/23 0:00,11.8485402
2021/7/24 0:00,12.3511624
2021/7/25 0:00,16.3186795
2021/7/26 0:00,15.0834921
2021/7/27 0:00,14.5338451
2021/7/28 0:00,15.6861627
2021/7/29 0:00,15.754933
2021/7/30 0:00,11.2301574
2021/7/31 0:00,12.1564505
2021/8/1 0:00,12.8475057
2021/8/2 0:00,11.5733984
2021/8/3 0:00,11.4328977
2021/8/4 0:00,11.1976489
2021/8/5 0:00,14.0657418
2021/8/6 0:00,15.2571086
2021/8/7 0:00,13.8372395
2021/8/8 0:00,13.8432073
2021/8/9 0:00,15.4093738
2021/8/10 0:00,17.749968
2021/8/11 0:00,14.0177278
2021/8/12 0:00,14.6814821
2021/8/13 0:00,15.1762578
2021/8/14 0:00,13.3779297
2021/8/15 0:00,11.880719
2021/8/16 0:00,13.7627274
2021/8/17 0:00,15.0386947
2021/8/18 0:00,15.649236
2021/8/19 0:00,17.684036
2021/8/20 0:00,15.8600129
2021/8/21 0:00,14.6483232
2021/8/22 0:00,17.2850763
2021/8/23 0:00,17.908526
2021/8/24 0:00,16.028827
2021/8/25 0:00,15.6190954
2021/8/26 0:00,17.028738
2021/8/27 0:00,21.102836
2021/8/28 0:00,17.340199
2021/8/29 0:00,18.204689
2021/8/30 0:00,17.419914
2021/8/31 0:00,15.5258485
2021/9/1 0:00,14.8703876
2021/9/2 0:00,18.036406
2021/9/3 0:00,19.401479
2021/9/4 0:00,17.45854
2021/9/5 0:00,12.3425548
2021/9/6 0:00,13.956274
2021/9/7 0:00,16.052747
2021/9/8 0:00,16.50569
2021/9/9 0:00,12.882139
2021/9/10 0:00,12.3912167
2021/9/11 0:00,15.625661
2021/9/12 0:00,17.675136
2021/9/13 0:00,15.2101611
2021/9/14 0:00,17.439974
2021/9/15 0:00,15.2216
2021/9/16 0:00,13.6417714
2021/9/17 0:00,14.0204899
2021/9/18 0:00,15.942505
2021/9/19 0:00,14.7381303
2021/9/20 0:00,13.4994844
2021/9/21 0:00,13.7376989
2021/9/22 0:00,14.3628327
2021/9/23 0:00,10.3942822
2021/9/24 0:00,9.9147106
2021/9/25 0:00,12.0515991
2021/9/26 0:00,13.6886969
2021/9/27 0:00,12.1054371
2021/9/28 0:00,12.7593486
2021/9/29 0:00,14.3809618
2021/9/30 0:00,15.6739741
2021/10/1 0:00,12.1342994
2021/10/2 0:00,11.952888
2021/10/3 0:00,10.6742053
2021/10/4 0:00,12.709137
2021/10/5 0:00,12.590075
2021/10/6 0:00,11.6555128
2021/10/7 0:00,11.7744986
2021/10/8 0:00,14.408613
2021/10/9 0:00,13.512208
2021/10/10 0:00,14.018604
2021/10/11 0:00,13.541512
2021/10/12 0:00,12.249304
2021/10/13 0:00,14.533714
2021/10/14 0:00,12.851608
2021/10/15 0:00,12.319256
2021/10/16 0:00,10.3823635
2021/10/17 0:00,10.31947
2021/10/18 0:00,10.3406401
2021/10/19 0:00,10.9354478
2021/10/20 0:00,13.171564
2021/10/21 0:00,11.947305
2021/10/22 0:00,11.6965667
2021/10/23 0:00,11.2336454
2021/10/24 0:00,11.8591987
2021/10/25 0:00,13.247933
2021/10/26 0:00,11.6717275
2021/10/27 0:00,11.5232776
2021/10/28 0:00,13.341007
2021/10/29 0:00,11.5165356
2021/10/30 0:00,11.3049882
2021/10/31 0:00,11.0866772
2021/11/1 0:00,11.6454454
2021/11/2 0:00,11.36546
2021/11/3 0:00,12.634078
2021/11/4 0:00,13.482796
2021/11/5 0:00,11.7848938
2021/11/6 0:00,11.3328435
2021/11/7 0:00,11.817507
2021/11/8 0:00,13.318093
2021/11/9 0:00,11.1694758
2021/11/10 0:00,10.8588061
2021/11/11 0:00,11.4445139
2021/11/12 0:00,10.82057
2021/11/13 0:00,11.6235834
2021/11/14 0:00,11.7885888
2021/11/15 0:00,11.6467605
2021/11/16 0:00,11.9796235
2021/11/17 0:00,11.9247409
2021/11/18 0:00,11.5869357
2021/11/19 0:00,11.8383952
2021/11/20 0:00,11.9243401
2021/11/21 0:00,11.4330836
2021/11/22 0:00,11.2176775
2021/11/23 0:00,10.6198324
2021/11/24 0:00,11.4040217
2021/11/25 0:00,9.1246983
2021/11/26 0:00,11.0009599
2021/11/27 0:00,10.2174208
2021/11/28 0:00,10.2309485
2021/11/29 0:00,11.877252
2021/11/30 0:00,11.9102034
2021/12/1 0:00,11.5204601
2021/12/2 0:00,12.252816
2021/12/3 0:00,11.4811881
2021/12/4 0:00,11.7188384
2021/12/5 0:00,11.3974471
2021/12/6 0:00,11.5222295
2021/12/7 0:00,11.3668711
2021/12/8 0:00,12.2136575
2021/12/9 0:00,11.8035874
2021/12/10 0:00,11.4497114
2021/12/11 0:00,10.475249
2021/12/12 0:00,10.6365012
2021/12/13 0:00,11.4344254
2021/12/14 0:00,11.743778
2021/12/15 0:00,11.5138625
2021/12/16 0:00,10.9201954
2021/12/17 0:00,10.8527674
2021/12/18 0:00,10.5545898
2021/12/19 0:00,9.8153983
2021/12/20 0:00,10.733895
2021/12/21 0:00,10.6085839
2021/12/22 0:00,8.7380909
2021/12/23 0:00,8.4749022
2021/12/24 0:00,8.730562
2021/12/25 0:00,8.8947109
2021/12/26 0:00,9.8428272
2021/12/27 0:00,8.9477624
2021/12/28 0:00,8.8170082
2021/12/29 0:00,9.2901768
2021/12/30 0:00,9.3304863
2021/12/31 0:00,9.699518
